작품명,링크,연재 플랫폼
순수한 동거생활,https://m.novel.naver.com//webnovel/list.nhn?novelId=861207,네이버 웹소설
매일매일 기대해,https://m.novel.naver.com//webnovel/list.nhn?novelId=825575,네이버 웹소설
첫날밤만 세 번째,https://m.novel.naver.com//webnovel/list.nhn?novelId=893643,네이버 웹소설
본능적인 그대,https://m.novel.naver.com//webnovel/list.nhn?novelId=818590,네이버 웹소설
내 남편과 결혼해줘,https://m.novel.naver.com//webnovel/list.nhn?novelId=846925,네이버 웹소설
완벽한 결혼의 정석,https://m.novel.naver.com//webnovel/list.nhn?novelId=840822,네이버 웹소설
오빠집이 비어서,https://m.novel.naver.com//webnovel/list.nhn?novelId=861212,네이버 웹소설
팔려 온 신부,https://m.novel.naver.com//webnovel/list.nhn?novelId=834837,네이버 웹소설
사내 부부,https://m.novel.naver.com//webnovel/list.nhn?novelId=861214,네이버 웹소설
오늘부터 신혼,https://m.novel.naver.com//webnovel/list.nhn?novelId=905525,네이버 웹소설
놀아주는 여자,https://m.novel.naver.com//webnovel/list.nhn?novelId=825572,네이버 웹소설
다시 만난 애 아빠,https://m.novel.naver.com//webnovel/list.nhn?novelId=868564,네이버 웹소설
당신만 모르는 사이,https://m.novel.naver.com//webnovel/list.nhn?novelId=905519,네이버 웹소설
나랑 해요,https://m.novel.naver.com//webnovel/list.nhn?novelId=861208,네이버 웹소설
이 죽일 놈의 결혼,https://m.novel.naver.com//webnovel/list.nhn?novelId=830076,네이버 웹소설
판사님은 내 취향,https://m.novel.naver.com//webnovel/list.nhn?novelId=853019,네이버 웹소설
이혼할 예정입니다,https://m.novel.naver.com//webnovel/list.nhn?novelId=830083,네이버 웹소설
완벽한 연하,https://m.novel.naver.com//webnovel/list.nhn?novelId=834841,네이버 웹소설
구남친은 싱글 대디,https://m.novel.naver.com//webnovel/list.nhn?novelId=846932,네이버 웹소설
너무 잘 보이는 그녀,https://m.novel.naver.com//webnovel/list.nhn?novelId=834836,네이버 웹소설
"공주, 폭군을 유혹하다",https://m.novel.naver.com//webnovel/list.nhn?novelId=814531,네이버 웹소설
치명적인 내 여자,https://m.novel.naver.com//webnovel/list.nhn?novelId=846923,네이버 웹소설
新 광해의 연인,https://m.novel.naver.com//webnovel/list.nhn?novelId=814526,네이버 웹소설
숨결을 기억해,https://m.novel.naver.com//webnovel/list.nhn?novelId=830075,네이버 웹소설
월하정인,https://m.novel.naver.com//webnovel/list.nhn?novelId=893645,네이버 웹소설
말 많은 연애,https://m.novel.naver.com//webnovel/list.nhn?novelId=846924,네이버 웹소설
찬란한 이혼,https://m.novel.naver.com//webnovel/list.nhn?novelId=861215,네이버 웹소설
합의해주세요,https://m.novel.naver.com//webnovel/list.nhn?novelId=834844,네이버 웹소설
사내에서 하는 나쁜 짓,https://m.novel.naver.com//webnovel/list.nhn?novelId=905523,네이버 웹소설
원수가 나를 유혹할 때,https://m.novel.naver.com//webnovel/list.nhn?novelId=840824,네이버 웹소설
어쩌다 마주친 로맨스,https://m.novel.naver.com//webnovel/list.nhn?novelId=834839,네이버 웹소설
열녀박씨계약결혼뎐,https://m.novel.naver.com//webnovel/list.nhn?novelId=840821,네이버 웹소설
불순한 사내 동거,https://m.novel.naver.com//webnovel/list.nhn?novelId=846918,네이버 웹소설
"내 발아래, 그대를",https://m.novel.naver.com//webnovel/list.nhn?novelId=905516,네이버 웹소설
찐한 고백,https://m.novel.naver.com//webnovel/list.nhn?novelId=876199,네이버 웹소설
신선한 후궁님,https://m.novel.naver.com//webnovel/list.nhn?novelId=830078,네이버 웹소설
부적절한 유혹,https://m.novel.naver.com//webnovel/list.nhn?novelId=876196,네이버 웹소설
"달콤하게, 체인지",https://m.novel.naver.com//webnovel/list.nhn?novelId=851950,네이버 웹소설
"재벌가, 비밀의 시간",https://m.novel.naver.com//webnovel/list.nhn?novelId=905526,네이버 웹소설
서류상 아빠,https://m.novel.naver.com//webnovel/list.nhn?novelId=905524,네이버 웹소설
완벽한 파트너,https://m.novel.naver.com//webnovel/list.nhn?novelId=861218,네이버 웹소설
장희빈이 되지 않겠습니다,https://m.novel.naver.com//webnovel/list.nhn?novelId=759176,네이버 웹소설
결혼을 피하는 방법,https://m.novel.naver.com//webnovel/list.nhn?novelId=853020,네이버 웹소설
위험한 거짓말,https://m.novel.naver.com//webnovel/list.nhn?novelId=893639,네이버 웹소설
멜로의 대가,https://m.novel.naver.com//webnovel/list.nhn?novelId=853021,네이버 웹소설
환야당의 발칙한 밤,https://m.novel.naver.com//webnovel/list.nhn?novelId=868556,네이버 웹소설
의도적인 밀착,https://m.novel.naver.com//webnovel/list.nhn?novelId=861219,네이버 웹소설
가짜 결혼,https://m.novel.naver.com//webnovel/list.nhn?novelId=893631,네이버 웹소설
로맨틱 캐스팅,https://m.novel.naver.com//webnovel/list.nhn?novelId=868561,네이버 웹소설
어느 날 남친을 분실했다,https://m.novel.naver.com//webnovel/list.nhn?novelId=868558,네이버 웹소설
그 밤을 걷다 너를 주웠다,https://m.novel.naver.com//webnovel/list.nhn?novelId=876188,네이버 웹소설
낭군을 죽여라,https://m.novel.naver.com//webnovel/list.nhn?novelId=868567,네이버 웹소설
짝사랑을 완결합니다,https://m.novel.naver.com//webnovel/list.nhn?novelId=846927,네이버 웹소설
달콤한 배신자,https://m.novel.naver.com//webnovel/list.nhn?novelId=876192,네이버 웹소설
언더커버 아일랜드,https://m.novel.naver.com//webnovel/list.nhn?novelId=861217,네이버 웹소설
역대급 영지 설계사,https://m.novel.naver.com//webnovel/list.nhn?novelId=804489,네이버 웹소설
이세계 게이머,https://m.novel.naver.com//webnovel/list.nhn?novelId=734359,네이버 웹소설
반역왕자,https://m.novel.naver.com//webnovel/list.nhn?novelId=789672,네이버 웹소설
사상 최강의 엑스트라,https://m.novel.naver.com//webnovel/list.nhn?novelId=846933,네이버 웹소설
별풍받고 레벨업,https://m.novel.naver.com//webnovel/list.nhn?novelId=782127,네이버 웹소설
회귀한 집사는 무인이 되었다,https://m.novel.naver.com//webnovel/list.nhn?novelId=834847,네이버 웹소설
에덴,https://m.novel.naver.com//webnovel/list.nhn?novelId=835165,네이버 웹소설
천하제일 대사형,https://m.novel.naver.com//webnovel/list.nhn?novelId=726545,네이버 웹소설
창천수라,https://m.novel.naver.com//webnovel/list.nhn?novelId=814534,네이버 웹소설
천하제일역졸,https://m.novel.naver.com//webnovel/list.nhn?novelId=775598,네이버 웹소설
겁(劫),https://m.novel.naver.com//webnovel/list.nhn?novelId=765206,네이버 웹소설
무극검신,https://m.novel.naver.com//webnovel/list.nhn?novelId=861213,네이버 웹소설
유정강호,https://m.novel.naver.com//webnovel/list.nhn?novelId=734363,네이버 웹소설
명검몽야,https://m.novel.naver.com//webnovel/list.nhn?novelId=868560,네이버 웹소설
돈의 왕,https://m.novel.naver.com//webnovel/list.nhn?novelId=876194,네이버 웹소설
재혼 황후,https://m.novel.naver.com//webnovel/list.nhn?novelId=765207,네이버 웹소설
베이비 폭군,https://m.novel.naver.com//webnovel/list.nhn?novelId=846934,네이버 웹소설
하렘의 남자들,https://m.novel.naver.com//webnovel/list.nhn?novelId=853016,네이버 웹소설
시한부인 줄 알았어요!,https://m.novel.naver.com//webnovel/list.nhn?novelId=825581,네이버 웹소설
흑막 여주가 날 새엄마로 만들려고 해,https://m.novel.naver.com//webnovel/list.nhn?novelId=814533,네이버 웹소설
공작님의 아이를 숨겼습니다,https://m.novel.naver.com//webnovel/list.nhn?novelId=830079,네이버 웹소설
뜻밖의 청혼,https://m.novel.naver.com//webnovel/list.nhn?novelId=853022,네이버 웹소설
우연한 약혼의 필연적 이유,https://m.novel.naver.com//webnovel/list.nhn?novelId=834843,네이버 웹소설
"고수, 후궁으로 깨어나다",https://m.novel.naver.com//webnovel/list.nhn?novelId=876187,네이버 웹소설
복수를 위한 결혼동맹,https://m.novel.naver.com//webnovel/list.nhn?novelId=830081,네이버 웹소설
멜빈이 그들에게 남긴 것,https://m.novel.naver.com//webnovel/list.nhn?novelId=825578,네이버 웹소설
미친 황제가 나를 안을 때,https://m.novel.naver.com//webnovel/list.nhn?novelId=868555,네이버 웹소설
미친 후작을 길들이고 말았다,https://m.novel.naver.com//webnovel/list.nhn?novelId=825580,네이버 웹소설
악녀의 몸을 빼앗아버렸다,https://m.novel.naver.com//webnovel/list.nhn?novelId=799265,네이버 웹소설
후궁의 초대,https://m.novel.naver.com//webnovel/list.nhn?novelId=818594,네이버 웹소설
꽃이기를 거부한다,https://m.novel.naver.com//webnovel/list.nhn?novelId=830082,네이버 웹소설
후회는 거절합니다,https://m.novel.naver.com//webnovel/list.nhn?novelId=853018,네이버 웹소설
공작저의 붉은 밤,https://m.novel.naver.com//webnovel/list.nhn?novelId=905514,네이버 웹소설
중매쟁이 아가 황녀님,https://m.novel.naver.com//webnovel/list.nhn?novelId=893642,네이버 웹소설
황제 부부가 자꾸 윙크합니다,https://m.novel.naver.com//webnovel/list.nhn?novelId=905527,네이버 웹소설
레지나레나 - 용서받지 못한 그대에게,https://m.novel.naver.com//webnovel/list.nhn?novelId=868557,네이버 웹소설
다시 돌아온 황후님,https://m.novel.naver.com//webnovel/list.nhn?novelId=840827,네이버 웹소설
가짜 황자비의 위험한 신혼일기,https://m.novel.naver.com//webnovel/list.nhn?novelId=876185,네이버 웹소설
엔딩 후 서브남을 주웠다,https://m.novel.naver.com//webnovel/list.nhn?novelId=853017,네이버 웹소설
너만 모르는 유혹,https://m.novel.naver.com//webnovel/list.nhn?novelId=868563,네이버 웹소설
다시 젊어졌어요,https://m.novel.naver.com//webnovel/list.nhn?novelId=876190,네이버 웹소설
네 친구의 아내를 탐하지 말라,https://m.novel.naver.com//webnovel/list.nhn?novelId=876189,네이버 웹소설
바이올렛을 믿지 마세요,https://m.novel.naver.com//webnovel/list.nhn?novelId=893635,네이버 웹소설
"첫사랑은 원래 그런 법이랍니다, 전하",https://m.novel.naver.com//webnovel/list.nhn?novelId=840825,네이버 웹소설
다정하지 못한 당신에게,https://m.novel.naver.com//webnovel/list.nhn?novelId=868568,네이버 웹소설
후회는 남기지 않는다,https://m.novel.naver.com//webnovel/list.nhn?novelId=834846,네이버 웹소설
남편이 어려졌다,https://m.novel.naver.com//webnovel/list.nhn?novelId=893634,네이버 웹소설
이스카리엔의 황궁 약제사,https://m.novel.naver.com//webnovel/list.nhn?novelId=840828,네이버 웹소설
그녀의 시크릿 타임아웃,https://m.novel.naver.com//webnovel/list.nhn?novelId=830080,네이버 웹소설
가짜 성녀는 진짜가 되기로 했다,https://m.novel.naver.com//webnovel/list.nhn?novelId=876184,네이버 웹소설
갬블링 1945,https://m.novel.naver.com//webnovel/list.nhn?novelId=693362,네이버 웹소설
재벌집 망나니,https://m.novel.naver.com//webnovel/list.nhn?novelId=834848,네이버 웹소설
"리빌더, 두 번의 후회는 없다",https://m.novel.naver.com//webnovel/list.nhn?novelId=804492,네이버 웹소설
리턴 투 플레이어,https://m.novel.naver.com//webnovel/list.nhn?novelId=894074,네이버 웹소설
내가 성공할 확률 100%,https://m.novel.naver.com//webnovel/list.nhn?novelId=905517,네이버 웹소설
3cm 헌터,https://m.novel.naver.com//webnovel/list.nhn?novelId=825582,네이버 웹소설
지니어스 라이프,https://m.novel.naver.com//webnovel/list.nhn?novelId=876198,네이버 웹소설
