title,author,genre,publisher,age,total,pub_date,complete,img_src,intro,ridibooks
방송 켜셔야죠,파란비,BL연재소설,딥블렌드,전체 연령가,101,2020.02.11.,미완결,//img.ridicdn.net/cover/3822001091/xxlarge,"도윤은 일반인이다.
정확히는 얼굴 없는 피팅모델 알바를 하는 일반인.

그러던 어느 날.
한가로운 토요일 오후를 보내고 있는데, 게임 스트리머이자 친구인 창혁에게 저 대신 ‘합동 방송’에 참여해 줄 것을 부탁 받는다.

그런데.

[닥치라고 했잖아, 개돼지들아. 아주 왈왈, 꿀꿀꿀 시끄럽네.]
“…….”

……합방 분위기가, 보통이 아니었다.
도윤은 과연 합방을 무사히 끝낼 수 있을까?",https://ridibooks.com/books/3822000645
빙의했더니 소꿉친구가 싸패서브공,늑대별아,BL연재소설,M블루,전체 연령가,77,2020.04.03.,미완결,//img.ridicdn.net/cover/2200033943/xxlarge,"빙의했다. 그것도 억울한데 하필이면 주인공도 아닌 싸패 서브공에게 죽임을 당할 엑스트라역이다? 이왕 원작을 아는 거 어떻게든 살아 보겠다 길들였는데 웬걸, 오히려 제게 집착해 온다?

""내게서 도망칠 생각은 두 번 다시 하지 않는 게 좋을 거예요.""


Copyrightⓒ2020 늑대별아 & M Blue
Illustration Copyrightⓒ2020 코멜로
All rights reserved",https://ridibooks.com/books/2200033028
0과 1,민온,BL연재소설,카멜리아,전체 연령가,127,2020.01.14.,미완결,//img.ridicdn.net/cover/3190000234/xxlarge,"여성향 연애 시뮬레이션 게임 속 공략 캐릭터에 빙의했다.
1왕자 에드워드에 대한 열등감을 해소하려고 여주를 꼬시는 2왕자로.
난 에드워드에게 살해당하기 싫다.
남의 연애 방해하기도 싫고, 미움받기도 싫다.

“네가 좋아하는 사람이잖아. 난 아무 감정 없어.”
“그래. 좋아하지 않는 게 좋을걸. 네가 그녀와 이어질 일은 없을 테니까.”",https://ridibooks.com/books/3190000077
시한부 황자로 사는 법,전기쥐꼬리,BL연재소설,블래스트,전체 연령가,65,2020.03.14.,미완결,//img.ridicdn.net/cover/3864000849/xxlarge,"*시한부 황자로 사는 법 삽화본입니다.

#판타지물 #황자수 #병약수 #다정수 #황제공 #헌신공 #짝사랑공

죽기 전에 읽던 판타지 소설에 빙의했다.
메인 악역의 형으로. 심지어 시한부.

낮에는 몸져 눕고 밤에는 이게 사는 건가 싶은 이세계 라이프.

한 마디로 표현하자면... 하…",https://ridibooks.com/books/3864000713
"친우여, 너를 기다렸네.",실롯테,BL연재소설,BLYNUE 블리뉴,전체 연령가,54,2020.04.21.,미완결,//img.ridicdn.net/cover/2336003983/xxlarge,"#NPC공 #왕자겸기사단장공 #매너좋공 #수의최애캐공 #은근질투하공 #옆게임에갇혔수 #밸붕먼치킨수 #전직업만렙수 #성공한덕후수

너네가 친구 사이면 난 친구 하나도 없다….

가상 현실 게임 ‘더 헌터스’의 유저 안드레알푸스는 콜라보 이벤트에서 옆 게임 '나이츠 오브 다크에이지스'의 NPC 아즈라엘을 만난 뒤 그에게 푹 빠졌다. 그를 만나고 싶지만 게임 성향이 맞지 않아 일 년이 넘도록 아즈라엘 앓이만 하던 안드레알푸스. 그러던 어느 날, 그는 자기도 모르게 '더 헌터스'에서의 모습 그대로 옆 게임으로 강제 이동되고, 로그아웃마저 되지 않는다. 그런 그의 앞에 그토록 보고 싶어 하던 아즈라엘이 나타나는데….

게임 속에 갇혔지만 최애캐와 함께하니 괜찮…….을까?

#서양풍 #판타지물 #친구>연인 #동거/배우자 #다정공 #사랑꾼공 #순정공 #미인수 #명랑수 #적극수 #우월수 #순정수 #짝사랑수 #능력수 #차원이동/영혼바뀜 #초능력 #왕족/귀족 #게임물 #기다리면무료 #연재중 #코믹/개그물 #달달물 #사건물 #수시점

[미리보기]

하지만 다시 달리기 시작한 지 겨우 오 분 정도가 지난 시점에서, 나는 더 이상 이동할 수 없는 처지에 처했다.

“누구냐! 멈춰라!”

나는 나를 향해 검을 겨눈 수십 명의 기사들을, 유니콘 위에 앉은 채로 당황스럽게 내려다보았다.
상태창을 열어 보니 체력이 팔천 대인 NPC들이었다. 이 이벤트에서 만난 것들 중에서는 가장 체력이 높았다.
무시하고 이동하려면 얼마든지 이동할 수 있을 것 같은데. 나는 가볍게 머릿속으로 이 NPC들과 전투를 하는 게 나을지, 이대로 무시하고 달려서 떼어내는 게 나을지를 계산했다. 아무래도 누가 봐도 사람의 모습을 하고 있으니 전투를 하기엔 거부감이 들었다.
전투 상대에게 수면이나 마비를 걸 수 있는 직업으로 직변을 해서 떼어내는 것도 나쁘지 않을 것 같지만, 이미 지금은 전투가 시작된 상황이었다. 즉, 직업변경은 불가능했다.
도망가는 게 나을 것 같은데. 체력이 팔천 언저리이니 나에게 주는 데미지가 그리 크지도 않을 것 같고, 무엇보다 소환사는 여러 명의 적과 전투하는 데 쓰는 스킬이 딱히 없어 보스 몬스터 레이드에서나 쓰는 보스 레이드 전용 직업이었다.
좋아, 도망가자.
나는 그렇게 도망갈 각을 재고 있었다.
누군가의 목소리가 들리기 전까지.

“안드레알푸스?”

나는 갑자기 내 닉네임을 불린 것에 깜짝 놀라 유니콘에서 굴러떨어질 뻔했다. 빈말이 아니라 진짜로 떨어질 뻔해서, 나를 향해 검을 겨누고 있던 기사들이 깜짝 놀라 후다닥 검을 치웠을 정도였다.
안드레알푸스, 하고 내 닉네임을 부른 자는 다른 기사들과 비슷하게 전신 갑옷을 입고 있었다. 검은색 갑주를 입고 투구까지 쓰고 있었는데, 다른 기사들과는 다르게 금빛의 문양이 투구에 새겨져 있어 그가 이 기사단을 이끄는 위치에 있는 자라는 것을 쉽게 알 수 있었다.

“누, 누구세요?”

간신히 낙마를 면한 내 입에서 튀어나온 말은 누구라도 당황했음을 쉽게 알 수 있을 만큼 흔들리는 목소리였다. 뭐야, 누군데. 초면의 NPC가 유저의 이름을 알고 있는 일은 흔하지 않았기 때문에 더더욱 당황스러웠다.
내 멍청한 목소리를 들은 남자는 투구 속에서 웃음소리를 냈다. 나는 바보_취급을 당하는 것 같아서 조금 울컥했다. 남자는 이내 제 투구를 벗어 보였다.
그 투구 밑에서 드러난 얼굴은 내가 익히 잘 아는 얼굴이었다. 푸른빛 눈, 환한 금발, 다정한 미소.

“친우여, 너를 기다렸네.”

그리고 내가 이 세상에서 가장 듣고 싶어 하던 말까지. 나는 이 상황에 대한 판단이고 뭐고, 환하게 웃으며 그에게 대답할 수밖에 없었다.

“보고 싶었어, 왕자님.”",https://ridibooks.com/books/2336003783
"황자님, 먹고 싶어요",찹챕찹,BL연재소설,페로체,전체 연령가,77,2020.04.09.,미완결,//img.ridicdn.net/cover/3885002271/xxlarge,"세네카 제국의 쓸모없는 4황자로 빙의한 당일,
상황을 파악하기도 전에 미르는 적국인 프레오나 제국의 볼모 신세가 된다.

게다가 적국의 2황자는 미르에게
눈엣가시인 황태자를 처리하는 조건으로 귀양을 보내 주겠다는
불공정하고도 위험한 거래를 제안하는데.

헬조선을 버텨 온 눈칫밥으로 기지를 발휘해
2황자에게 미끼를 던져 주고 북쪽 땅으로 유배를 오게 된 미르,
드디어 꿈꿔 왔던
요리하고 농사 짓는 유유자적한 귀양살이를 즐기게 될 줄 알았건만…….

“젠 이프리트라고 합니다.”

그가 나타났다.
위기에서 벗어나기 위해 미르가 2황자에게 미끼로 던진 젠 이프리트.
설마 ‘그’ 이프리트가 사지 멀쩡히 살아서 돌아올 줄이야!

“잘 지내봐요, 황자님.”

첫 만남부터 어긋난 두 사람.
과연 미르는 젠과 함께 평탄한 유배 생활을 할 수 있을까?",https://ridibooks.com/books/3885001503
혼불,톨쥬,BL연재소설,비욘드,전체 연령가,114,2020.04.14.,미완결,//img.ridicdn.net/cover/4163000115/xxlarge,"악귀로 인한 재액과 변고로부터 인간을 수호하는 국가 기밀기관 나례청.
나례청의 수석 나자, 윤태희는 새로운 후임을 영입하기 위해
귀신을 보고 들을 수 있는 능력을 가진 ‘귀재’를 찾아다닌다.

그러던 어느 날, 정체를 숨기고 암행에 나선 윤태희는
지방 소도시의 한 고등학교에서 수상한 소년을 만나게 되는데….

“근데, 친구는 몇 살이에요?”",https://ridibooks.com/books/4163000001
이불 밖은 위험해!,MayBee,BL연재소설,글로번,전체 연령가,58,2020.05.05.,미완결,//img.ridicdn.net/cover/2749013821/xxlarge,"여신님과 작당하여 용사가 된 이안.

거짓 마왕을 물리치고 용사로서의 일을 마친 현재,
그의 꿈은 오로지 하나다.

명예, 부귀영화?
아니, 이제는 평생 침대에 누워서 놀고, 먹고, 자기만 할 테다!

왜냐고? 이불 밖은 위험하거든.

나의 자유시간아, 그리웠어!

*

“여신님, 여신님의 말도 안 되는 계략에 빠져 마왕을 물리쳤으니, 제 소원 하나만 들어주세요!”

[그래, 한번 말해 보렴.]

“이제 복잡한 일에 휘말리지 않고 평생 놀고먹고 쉬고 싶어요.”

[좋다. 그렇다면 세상이 전부 네가 뒹굴거리며 놀게 도와주도록 하지. 
 네 주변에서 어떠한 일이 일어나든, 네가 신경 쓰지 않아도 괜찮도록 해 주마.
 수고했다, 나의 아이야. 이제 편히 쉬어라.]


평생 누워서 놀고먹게 되었으니 틀린 말은 아니었지만...

“쿨럭-”
“용사님!”

아니, 여신님! 저는 이런 병약한 환자가 되길 바란 게 아니라고요?!

*

대업을 마치고 자유만을 원하는 이안,
하지만 그런 그를 가만히 두지 않는 동료들.
그는 과연 진정한 자유를 누릴 수 있을까?",https://ridibooks.com/books/2749013291
칼.꼽.슬 -망겜으로 구독자 1억 달성 챌린지-,민트란,BL연재소설,러스트,전체 연령가,42,2020.06.09.,미완결,//img.ridicdn.net/cover/845019927/xxlarge,"#게임빙의 #슬라임공 #근엄진공 #스트리머수 #댕댕수 #이공일수(?)

[여신의 땅 시작하면 100만 원]

구독자 9.8만의 고딩 게임 스트리머, 서진건.
어느 날 그는 방송 구독자들에게 <여신의 땅>이라는 망겜을 제안받는다.
후원 금액에 홀려 게임을 시작하고 마는데-.

[세상이 존나 망해버렸으면 좋겠다]

-라는 미친 신탁을 내리는 여신이 살아 숨쉬는 망겜 세계로 넘어가 버렸다.
여신의 주선으로 만난 성녀도 만만치 않았다.

“여신 그 또라이 때문에 저희 세상이 망하고 있다고요!”
“아 네…….”
“지구인 선생님! 저 좀 도와주세요. 구독자 1억이면 됩니다!”

진건이 성녀를 뿌리쳤다.

“일억 구독자라니 장난해요? 집에나 보내 주세…….”
“군면제.”

성녀가 비장하게 목소리를 깔았다.

“다시 오는 조건이 아닙니다.”

그녀는 성녀라기보다 장사꾼 같아 보였다. 
그것도 다단계 장사꾼.

그렇게 진건은 떠밀리듯 일생일대의 게임을 하게 되는데-.
시작부터 대형 사고를 쳐 버렸다.

“미친…….”

용을 물리친 전설의 검. 용사만 만질 수 있다는 그 검.
Lv.2 슬라임에 꽂힌 채 봉인이 풀렸다.

「소년이여.」
「나 그대의 발치에 있도다.」

세상이 미쳐 돌아간다.",https://ridibooks.com/books/845019886
외계 생물의 씨앗,동전반지,BL연재소설,열매,전체 연령가,123,2020.01.02.,미완결,//img.ridicdn.net/cover/3542000134/xxlarge,"외계의 행성에서 실험동물로 태어난 재우. 
실험체였던 그는 연구가 끝나자 멸망한 행성인 지구에 버려진다. 

재우는 그곳에서 어린 소년을 만나게 되고, 생존을 위해 소년을 이용하기로 한다. 
하지만 함께 지내면서 소년에게 정이 드는데…….

자신의 정체를 숨기려는 외계생물과,
그의 정체가 무엇이든 상관없는 소년, 김기훈.

성인이 되어 다시 마주한 둘은 자신의 감정을 솔직하게 말할 수 있을까.

----

공: (김기훈) 강공, 집착공, 초능력자공, 수한정 다정공
수: (오재우) 강수, 집착수, 사람인 척 하는 외계생물 수",https://ridibooks.com/books/3542000010
희생자의 사육법,세람,BL연재소설,M블루,전체 연령가,101,2020.03.12.,미완결,//img.ridicdn.net/cover/2200034220/xxlarge,"“이만 죽어 주셔야겠습니다.”

니젤은 자신의 충직한 기사, 이나스에게 살해당했다.
믿을 수 없는 사실에 절망하기도 잠시,
정신을 차려 보니 과거로 돌아가 있었다.

“괜찮아요, 니젤. 다시 만나요.”

그리고
이해 못할 말을 남기는 이나스에게 또다시 살해당하고 회귀했다.

니젤은 이 회귀의 굴레를 벗어날 수 있을까?


Copyrightⓒ2020 세람 & M BLUE
Illustration Copyrightⓒ2020 NANABA
All rights reserved",https://ridibooks.com/books/2200032024
마피아들의 참노예가 되었습니다,단호루,BL연재소설,필연매니지먼트,전체 연령가,66,2020.04.28.,미완결,//img.ridicdn.net/cover/2259003597/xxlarge,"#현대물 #친구>연인 #동거/배우자 #미인공 #다정공 #헌신공 #집착공 #재벌공 #순정공 #짝사랑공 #절륜공 #순진수 #명랑수 #평범수 #굴림수 #오해/착각 #조직/암흑가 #할리킹 #삼인칭시점 #공시점 #수시점 #코믹/개그물 #달달물 #일상물 #힐링물 #사건물

부푼 꿈을 안고 이탈리아로 워킹 홀리데이를 온 이현우.

그러나 코가 잘못 꿰어 마피아들이 운영하는 올리브 농장의 외노자가 되었다!

설상가상으로 올리브 농장의 더러운 실태에 대한 뒷담화를 전부 들어주던 친구 녀석이, 사실은 이 올리브 농장을 운영하는 보스라는데.

“너, 너도 7달러짜리 올리브 오일 50달러에 파냐!?”
“……네가 먹는 건 좋은 거야.”


일러스트 By 치즈윤(@cheezeyoon3)
타이틀디자인 By 타마(@fhxh0430)",https://ridibooks.com/books/2259003217
블레임,소림,BL연재소설,비욘드,전체 연령가,107,2020.02.21.,완결,//img.ridicdn.net/cover/4133000001/xxlarge,"내전 국가인 타르에서 ‘어린 영웅’으로 불리던 체체.
부유한 나라인 알시티에 들어와 조용히 살아가던 중 
지구 역사상 가장 강한 초능력자인 이블 엔덤의 비서로 낙점된다.
세상에 미련 없는 수가 안하무인 인간말종 공을 자기도 모르게 길들이는 이야기.",https://ridibooks.com/books/4133000001
모노크롬 루머,치율,BL연재소설,M블루,전체 연령가,215,2019.06.14.,완결,//img.ridicdn.net/cover/2200027720/xxlarge,"통칭 예쓰(예쁜 쓰레기).
돈밖에 모르고, 엉망인 인간관계에 몇 다리나 걸친 스폰서,
2년이나 함께 한 멤버들을 버리고 대형 기획사와 계약 조정에 있다는 소문이 도는
답도 없는 아이돌의 몸에 빙의되고 말았다.

완전히 사기 계약 당한 줄 알았는데,
실상은 전혀 달라 쓰레기는커녕 눈물 나는 인간극장을 찍고 있었던
몸 주인의 개 같은 현실에 빡쳐서 직접 복수해 주는 이야기.

여기까지면 좋은데, 와중에 의도치 않게 조련당해 가는 주위.
낙천주의 탈을 쓴 염세주의,
쿨내가 여기까지 나는데 상황에 따라서 다정하기도 하고,
그런 주제에 또 가끔 순진하게 굴고.

점점 하렘이 되어 가는 주변을 너만 몰라.

Copyrightⓒ2019 치율 & M Blue
Illustration Copyrightⓒ2019 진사
All rights reserved",https://ridibooks.com/books/2200027720
전설의 대장장이를 지켜 줘!,여울여울,BL연재소설,B&M,전체 연령가,100,2020.01.23.,미완결,//img.ridicdn.net/cover/2093055326/xxlarge,"#판타지물 #서양풍 #초능력 #오해/착각 #게임물 #신분차이 #수한정다정공 #계략공 #순정공 #미인수 #명랑수 #적극수 #능력수 #얼빠수 #코믹/개그물 #사건물


한적하고 평화로운 시골 영지의 대장간 아들, 엘리엇.
허깨비의 명령에 겨우 만든 검이 이상하다.

[전설] 빛의 기사 장검
모든 능력치 +30%
*강화 조건: 소유주와 10분 이상의 스킨십 (확률 50%)

“허, 허, 허깨비님!”
엘리엇에게만 보이는 이 허깨비는 대체 뭘 원하는 걸까?
“허깨비님, 귀인께 장난을 치시면 안 돼요!”
눈썹 한 올까지 신이 의도한 것처럼 아름답고, 예술적인 검보다 더 예술 같은,
그야말로 끝내주게 잘생기고 예쁘고 조각 같은 귀인께 무슨 짓이람!
“한 번만 더 그런 짓을 하셨다가는…….”
엘리엇은 그 어느 때보다 엄격하게, 허깨비의 눈치를 보며 말했다.
“다시는 공물을 드리지 않을 거예요!”

[재료 인벤토리가 부족합니다. 인벤토리 확장이 필요합니다.]

허깨비님, 그렇다고 토라지시면 어떡해요…….",https://ridibooks.com/books/2093030314
스윗하게 녹다운,화차,BL연재소설,고렘팩토리,전체 연령가,88,2020.01.28.,완결,//img.ridicdn.net/cover/2107055966/xxlarge,"[현대물, 소꿉친구, 첫사랑, 성장물, 미인공, 울보공,
대형견공, 집착공, 순정공, 상처공, 다정수, 얼빠수]


“미안해, 열아. 나 수호 좋아해.”

나의 첫 연애는, 내 여자친구가
내 가장 친한 친구를 좋아함으로써 끝났다.

“최수호. 이유진한테 잘해 줘라.”
“내가 왜 잘해 줘야 하는데.”
“뭐…”
“너하고 사귀는 애 아니었으면 애초에 쳐다도 안 봤어.”

그 말에 주먹부터 나갔지만,
최수호는 흔들림 없이 되레 폭탄 같은 고백을 한다.

“어릴 때부터 좋아했어. 처음부터.”
“…….”
“이유진보다 내가 먼저였다고.”

최수호는 진지했다.
하지만 어릴 때부터 그의 옆에 있던 게
나밖에 없어서 그럴 테니까, 착각일 거다.

“나도 너 좋아해.”
“나만큼 좋아하는 거 아니잖아.”
“…….”
“나처럼 좋아하는 거 아니잖아.”

최수호를 좋아한다. 가족만큼. 가족처럼.
그런 우리가, 연인이 될 수 있을까?",https://ridibooks.com/books/2107055966
루트를 거부하는 방법,허니트랩,BL연재소설,피아체,전체 연령가,170,2019.11.02.,완결,//img.ridicdn.net/cover/2036055634/xxlarge,"#게임빙의물 #서양풍판타지 #코믹/개그물 #성장물 #일상힐링물 #미남공 #병약수

‘아, 꿈인가?’
무슨 이런 꿈을 다 꾼담. 그는 손을 들어 얼굴을 만져보았다. 제 것이 아닌 것처럼 부드러운 뺨을 살짝 꼬집자, 꿈이 아니라고 알려주는 미미한 통증이 느껴졌다.

[체력이 1만큼 깎입니다.]
[체력이 고갈되어 정신을 잃습니다.(최대체력:1)]

……뭐, 씨발?

새로 얻은 몸은 끔찍하게도 심약하고 여렸다. 작은 충격에도 픽픽 쓰러지고, 그에 주위 사람들은 싸고돌고, 밖에 나가지도 못하게 하니 아주 환장할 지경이다. 분명 죽었다 생각했는데……. 차 사고로 정신을 잃었다 깨어나 보니 듣도 보도 못한 게임 속에 들어와 있었다.

[아인스 루트가 당신을 사랑스럽다고 여깁니다. 금단의 사랑, 형제 루트를 선택하시겠습니까? (예/아니오)]

씨발 놈아! 미쳤냐! 네 동생을! 쳐돌았나!
심지어 이건 그냥 게임도 아닌, 좆같은 호모 미연시 게임 속인 모양이다. 공략 인물들은 시도 때도 없이 호감도를 올려 대고, 제리는 이 기상천외한 세계를 바꿔 보기로 하는데…….",https://ridibooks.com/books/2036055634
어비스(Abyss),퀸에이,BL연재소설,딥블렌드,전체 연령가,120,2019.10.01.,완결,//img.ridicdn.net/cover/3822000035/xxlarge,"게이트의 등장으로 재정립된 세계.
수많은 마수가 쏟아졌고, 수많은 각성자가 생겨났다.
무기를 소환하는 ‘무기 각성자’와, 이능력을 사용하는 ‘이능 각성자. 강함에 따라 낮게는 D등급부터 SS등급까지.
S급 무기 각성자인 유서진은 뛰어난 실력과 훌륭한 인품 덕에 어비스 매니지먼트에 입사 제의를 받는다.

“그럼 전 무슨 일을 주로 하게 됩니까?”
“앞으로 자네가 해 줄 일은 하나야. 퇴사 안 하고 버티는 것.”
“……?”

그는 전 세계에서 세 명뿐이라는 등급 외 각성자, 통칭 SSS급인 구도하의 유일한 팀원으로 배정받지만……. 
이 직장 상사, 실력만 좋고 인성은 개차반이다!

“제가 공격하지 않았으면 팀장님이 당했을걸요?”
“차라리 당하는 게 낫습니다!”
“아, 예! 구해 드려서 죄송하네요! 아쉽게도 제가 멍청한 S급이라!”
“죄송한 줄 알면 사표 쓰십시오, 사표! 사표 쓰고 나가요!”

레이드보다 어려운, 치고받는 직장생활!

*

[본문 중]

동시에 두 사람의 스마트폰이 미친 듯이 울려 대기 시작했다.
재난 경보였다.
“팀장님, 저거…….”
“올 게 왔군요.”
다소 긴장한 서진과 달리 도하는 담담했다.
준비는 충분히 했다. 스마트폰 액정을 끄며 도하가 서진을 향해 말했다.
“갑시다. 마수 죽이러.”",https://ridibooks.com/books/3822000035
네크로맨서 생존기,키마님,BL연재소설,딥블렌드,전체 연령가,166,2019.10.15.,미완결,//img.ridicdn.net/cover/3822001089/xxlarge,"언제부턴가 세상에 게이트가 생겨난 후, 사람들은 두 부류로 나뉘었다.
[유저]와 그렇지 않은 [일반인].
그리고 유저는 각성함과 동시에 [직업]을 선택할 수 있었는데……. 이경은 한순간의 잘못된 판단으로 망직업 중의 망직업, [네크로맨서]로 전직하고 만다.

<역대 가장 충격적인 던전 사고 1위 ‘사령의 탑’, 공략 실패 원인은?>

그러던 중, 이경은 서번트 [따까리]의 강화 재료를 위해 간신히 [사령의 탑] 파티에 참여할 수 있게 되고, 불의의 사고로 혼자 떨어진 곳에서 숨겨진 진실과 마주하게 되는데!

“진짜 뭐든지 할 테니까……. 제발 저랑 계약해서 저 좀 살려 주세요!”
―뭐든지 하겠다고…….

[‘서다원’이 제시한 ‘맹세’를 수락하시겠습니까?]

―너는 내 복수를 이루기 위해 최선을 다할 것. 그리고 나는, 언제 어디서든 네가 위험에 처하면 최선을 다해 너를 구할 것. 어때?

[새로운 서번트 ‘서다원’과의 계약이 시작되었습니다.]

하급 네크로맨서 최이경과 랭커 메이지 서다원의 통쾌한 계약 복수극!",https://ridibooks.com/books/3822000323
헤븐원,메타포0324,BL연재소설,B&M,전체 연령가,113,2019.10.17.,미완결,//img.ridicdn.net/cover/2093055328/xxlarge,"안녕하세요. 메타포0324입니다. 갑작스러운 건강상의 문제로 피치 못하게 장기 휴재 공지를 올렸으나, 다행스럽게도 호전되어 연재를 지속하게 되었습니다. 이 자리를 빌어 인사드립니다. 그동안 잦은 휴재에도 불구하고 애정과 관심으로 읽어 주신 독자님들께 정말 죄송스럽고 또 고마운 마음입니다. 독자님과의 연재 약속 지킬 수 있도록 더 열심히 쓰겠습니다. 감사합니다.



#현대물 #게임물 #재회 #미남공 #사랑꾼공 #집착공 #다정공 #능력공 #상처수 #도망(희망)수 #소심수 #철벽수 #미인수 #능력수 #성장물 #일상물 #3인칭시점


3년 전, 무패 우승의 영광을 안자마자 그대로 도망쳤다.
누구에게도 행방을 알리지 않고 아주 먼 지역으로 이사까지.
조용히 3년이 흘러갔으니, 앞으로도 영영 마주치지 않을 거라 생각했는데.

‘비웃는 놈들 헤드 내가 다 딴다. 알지?’
“안녕? 오랜만이다.”

그때 승리의 주역이었던 남자가 지금 내 앞에 있었다.

“이거 너냐?”
“응?”
“이거, 너냐고. 준준.”

PC방 점유율을 휩쓸고 게임 매거진을 독점한 게임.
누가 봐도 갓겜. 완전 대세작.
<헤븐원>의 랭킹 페이지 최상단이 눈앞에 들이밀어졌다.

“힐러로 딜 넣는 변태에, 랭 2위인데 친추한 사람이 한 명도 없음.
게다가 사는 곳도 너랑 겹치는 거 같고. 근데 아니라고?”

랭킹 1위 ‘디노’, 윤우현이 물었다.
분명 처음부터 다 알고서 하는 말이었다.

프로 게임단에서 쓰던 닉네임은 ‘서서’.
얼마 전 시작한 게임에서 쓰는 닉네임은 ‘준준’.
그리고 내 이름은, 서준서.
……나 혹시 등신인가?

“또 도망가기만 해 봐.”
“미안하다고 했잖아…….”
“미안한 사람이 게임 한 번도 같이 못 해 줘?”

까짓거 한 판만 빨리 해 주고 튀자.

< 단 하나의 왕좌, 헤븐원 >

새하얀 빛과 함께, 게임이 다시 시작됐다.",https://ridibooks.com/books/2093028915
소나기는 장마일까,낫이콜,BL연재소설,B&M,전체 연령가,135,2019.06.11.,완결,//img.ridicdn.net/cover/2093026668/xxlarge,"10/22 출판사 사정으로 인한 휴재로, 기다려 주신 독자님들께 진심으로 사과의 말씀을 전합니다.


일등하면 오만 원을 준다는 시청자의 공약에 랜덤 매칭을 돌린 장마.
우연히 만난 목소리 좋은 남자가 게임을 너무 잘한다.
그런데 왠지 이상하게 익숙하다 했더니, 인기 아이돌이라고?

스트리머(BJ) 장마는 우연히 게임에서 만난 남자의 목소리에 반한다. 시청자들의 제보로 알고 보니 그는 인기 아이돌. 장마는 아이돌 서인준의 팬이 되고, 둘이서 게임한 영상이 유명해지면서 합동 방송까지 하게 된다. 그렇게 인준과 친해지면서 둘은 티브이 프로그램에도 함께 출연하는 등 친분을 자랑한다. 하지만 사실 사적으로는 화면에 보이는 것보다 더 가까워져 있었는데…….",https://ridibooks.com/books/2093026668
게임에서 만렙거지를 주웠을 때,마린코드,BL연재소설,글로번,전체 연령가,118,2020.01.11.,완결,//img.ridicdn.net/cover/2749012206/xxlarge,"*본 작품은 게임물로, 소재 특성상 채팅 및 표현을 사용함에 있어서 약어 또는 표준 맞춤법을 따르지 않은 부분이 있습니다.


“님... 흑. 저 해킹 당했어요.”

가상현실게임 알테어에서, 오르카(공)는 쫀쫀한 팬티만 입고 있던 그리핀(수)를 구출했다.

“제 포션 좀 드리죠, 다른 장비도 아예 없어요? 아니 일단 바지 좀... 하, 아니다. 그냥 제 골드 다 드릴게요.”
“네? 저 포션으로 충분한데.”
“아닙니다. 마을 가서 바지부터 사 입으세요.”

그런데, 거지소년이 감동했는지 수상하다.

“형! 저랑 멘토 시스템 하실래요?”
“멘토?”

망설이던 오르카는 가엾은 마음에 그리핀의 멘토까지 되어준다.

그런데, 빈털털이 거지소년의 레벨이 이상하다.

[파티원 정보]
[오르카(마족 검사)-61Lv]
[그리핀(수인 소환사)-200Lv]

이 거지 소년이 전 세계 서버에 500명도 없다는 만렙이라니.

“형! 뭐 하세요? 제가 퀘 도와드릴게요!”
“당신... 진짜 만렙입니까?”
“네? 네!”
“그럼 대체... 대체 왜.”
“같이 던전부터 가요!”
“아니, 잠깐만요. 잠깐만!”

바지부터 사입어!!",https://ridibooks.com/books/2749012206
롱화귀비전,차예서,BL연재소설,블루코드,전체 연령가,117,2020.02.04.,완결,//img.ridicdn.net/cover/2495001114/xxlarge,"‡줄거리‡

<<먼 옛날에 황룡께서 이 땅에 강림하여 말씀하시기를. 나의 피는 이 나라의 축복이요 재앙이니라, 하셨다.>>

황룡의 전설과 함께 그 피가 황족에게로 이어져 내려오는 이화국은 찬란한 축복 아래 사시사철 온화하고 비옥한 땅을 자랑했다. 
재상 박제문이 황룡에게 주어진 권력을 탐해 모조리 다 씹어 삼키기 전까지만 해도 그러했다. 

""살, 살려주세요, 재상.""

이화국에 남은 마지막 황족 이해언은 살아남기 위하여, 복수하기 위하여 박제문의 발등에 입을 맞췄다.
그리고, 한 가닥 남은 박기준에 대한 사랑을 지웠다.

‡캐릭터‡
박기준(공)
뛰어난 외모와 가문, 고결한 인품과 단정한 성정에 한때 뭇 여성들의 선망의 대상이었으나 어느 날 황제의 후궁이 되겠노라 선언하며 입궐하여 그동안 참아왔던 해언에 대한 광적인 집착을 드러낸다.

이해언(수)
황룡의 피가 흐른다 하여 백성들에게 사랑받는 황제. 하나 실상은 권력을 모조리 다 빼앗긴 허수아비 황제에 불과하다. 어린 시절 연모하였던 기준을 향한 마음은 언제나 가시가 되어 그를 찌르지만, 그럼에도 불구하고 마음의 문을 닫아버렸다.

‡키워드‡
동양물/시리어스/집착공/ 계략공/ 후궁공/ 다정공/ 헌신공/ 황제수/ 계략수/ 상처수",https://ridibooks.com/books/2495001114
"길라잡이의 등불 2부,3부",류재빈,BL연재소설,페르마타,전체 연령가,191,2017.11.24.,미완결,//img.ridicdn.net/cover/425167801/xxlarge,"※ 로맨스보다 성장과 판타지 모험에 중점을 둔 이야기입니다.

가시나무 땅에는 쌍둥이 산이 있었다. 하나는 동생 산이라 불렀고 하나는 형 산이라 불렀다. 그리고 그 동생 산에는 도와주는 어른 없이 어린애 셋이 살았다. 매일매일 배가 고프고, 매일이 서러운 삶이었다. 낭떠러지 건너편으로 보이는 화려한 고택은 동경의 대상이었다. 언젠가 저곳에 가보고 싶다고 생각하고, 저곳에는 그림 같은 가족이 살고 있을 거라 혼자 망상하고, 어쩌면 자신들의 가족일지도 모른다고 여겼다...


등장인물
* 산하 : 나라면 머리를 깨뜨렸을 거야. 다음에 너도 해봐. 머리 한번 깨뜨려 놓으면 네 앞에선 조용해질 거야
* 산유 : 세상엔 기대대로 되지 않는 게 많다. 혹여 그럴 때 기억해라. 내가 누구보다도 더 많이 아끼고 사랑해 주겠다
* 산새 : 미치겠네. 신령님. 저에게 열 살짜리 애를 바닥에 패대기치지 않을 인내심을 주소서
* 반월 : 나라면 좋아하는 사람이 있으면 곁에서 계속 지켜볼 것 같은데
* 긴작 : 나 어떠냐.",https://ridibooks.com/books/425125718
달콤한 패배,asheyes,BL연재소설,B&M,전체 연령가,157,2019.09.20.,미완결,//img.ridicdn.net/cover/2093055324/xxlarge,"#현대물 #연예계 #오해/착각 #라이벌/열등감 #미인공 #다정공 #무심공 #연하공 #집착공 #재벌공 #짝사랑공 #상처공 #천재공 #존댓말공 #미인수 #까칠수 #연상수 #상처수 #후회수 #능력수 #일상물 #성장물 #3인칭시점


3년 차 작곡가 이진은 과거 아이돌 서바이벌 프로그램 <winner takes all>에 출연 제의를 받은 적이 있다. 하지만 자신을 깔보는 듯한 관계자의 태도에 출연을 고사한다.

그로부터 몇 개월 뒤, 첫 방영을 한 <winner takes all>는 어마어마한 히트를 치며 ‘트라이엄프(Triumph)’라는 전무후무한 7인조 아이돌 그룹을 배출해 낸다.

우연한 기회로 ‘트라이엄프’의 데뷔 앨범 작업에 참여하게 된 이진. 그는 그룹의 리더이자 당시 폭발적인 인기로 1위를 거머쥔 선승현을 만나게 된다. 내심 과거의 일을 후회하고 있던 이진은, 데뷔 후 온갖 루머를 양산하며 이슈 메이커로 자리 잡은 그를 보며 분노와 열등감에 사로잡힌다.

‘만약 기회가 주어졌던 날로 다시 돌아갈 수만 있다면…… 자격 없는 사람이 그 자리에 앉지 못하도록 내가 그 자리를 차지하겠어.’

선승현이 탈퇴 선언을 한 다음 날, 이진은 거짓말처럼 3년 전 그날로 돌아오게 되는데…….",https://ridibooks.com/books/2093028186
퇴사하고 싶다,하르넨,BL연재소설,블루로즈,전체 연령가,158,2019.06.07.,완결,//img.ridicdn.net/cover/1023003874/xxlarge,"출근을 시켜주는 것은 좋은 상사가 아니라 텅 빈 지갑이다.

불같은 성격의 동기.
요정 같은 얼굴로 독설을 내뱉는 후배.
모든 것을 자신의 능력을 기준으로 생각하는 상사.

그 모든 것에서 자유를 선언하고 마탑에 사표를 던지고 떠났던 앨리스 화이트. 그러나 현실의 벽에 부딪혀 지긋지긋한 직장으로 돌아오고야 말았다. 
하지만 이번엔 괜찮다. 누구와 임무를 나가는 것도 아니고 그저 희귀동물만 돌보고 관찰하면 되니까.

“실례지만, 앨리스씨. 아시잖아요. 에넨시아님 앞에선 천하의 드래곤도 얌전하다는 거.”

그 희귀동물이 드래곤 혼혈이라고? 그것도 마법사 세 명이 달라붙어야 겨우 감당이 될 정도로 난폭한?
앨리스는 심각하게 고민했다. 
퇴사해야겠다.",https://ridibooks.com/books/1023003874
그믐밤에 달이 뜬다,해비야,BL연재소설,뷰컴즈,전체 연령가,84,2020.04.07.,미완결,//img.ridicdn.net/cover/3049008638/xxlarge,"“이도하.”

나른한 오후였다. 초가을의 바람은 신선했고, 햇살은 따뜻했으며, 적당히 배가 불렀다. 강의실에 앉아 있으려니 졸음이 몰려와 꾸벅 꾸벅 고개를 떨구게 되는 그런 날이었다.

그래서 이도하도 그렇게 하고 있었다. 쏟아지는 졸음을 참지 못해 턱을 괴고, 신명나게 졸고 있는 중이었다. 옆구리를 쿡 찌르는 손길에 이도하가 눈을 떴다. 

“……”

사방이 쥐 죽은 듯 조용했다. 턱을 괴고 있던 손을 슬그머니 내려놓으며 이도하는 입술을 물었다. 나 이 분위기 아는데. 강단에 선 교수가 묘한 눈초리로 그를 보고 있었으며, 시선이란 시선은 모조리 그에게 못 박혀 있었다.

몇은 핸드폰을 들이대고 있었다. 그리고, 발밑이 시퍼렇게 빛나고 있었다.

그래, 알지 이거. 이도하가 천천히 시선을 내렸다. 그가 앉은 의자 바로 밑, 강의실 바닥에, 새파란 소환진이 펼쳐져 있었다. 

서른두 번째 소환이었다. 

***

“안녕.”

그렇지 않아도 입을 틀어막은 채였으나, 어쨌든 이도하는 말문을 잃었다. 구역질 나는 피비린내와 정신이 아찔한 피의 향연이 아니었더라도 놀라 어차피 입을 틀어막았을 만큼 남자는 기가 막히게 잘생겼지만, 그 잘생김조차 좀 빛이 바랄 정도로 창백하게 질려 있었다. 

찬란한 백금발과 얼굴이 분간이 안 될 정도였다.

당연한 일이었다. 온몸의 피란 피는 죄다 바닥에 쏟아내고 있었으니. 과다 출혈로 곧 죽을 것 같은 모습을 하고서는 태연하게 그렇게 인사하니 머리끝이 주뼛 섰다.

“…미친.”
“드디어 얼굴을 보는군. 잘생겼는걸.” 
“…미친놈인가?”
“그 미친놈이 이제 곧 죽을 것 같은데 살려주겠어?”",https://ridibooks.com/books/3049007803
연역적 추론,공희서,BL연재소설,모드,전체 연령가,79,2020.04.26.,미완결,//img.ridicdn.net/cover/297029030/xxlarge,"“형 참 순진하구나.”
낮은 웃음소리에 목덜미가 오싹해졌다.
“……뭐?”
“형 앞이라고 점잖은 척한 건데 왜 이 정도로 놀라.”
형 없이 살아왔는데 고작 이 정도로 미쳤겠어?

*

“유일하게 붙은 길드에 입사 안 하면 몸 팔려고?”
전의 생에서 엮였던 인물과 엮이지 않는 게 좋을 거라 생각했다.
쓰레기 같은 애인, 산더미처럼 쌓인 빚.
자신이 죽은 뒤로 5년의 시간이 지나 있었고, 새로운 몸이 그리 좋은 삶을 살고 있는 건 아니었으니까.
하지만 유일한 동아줄은 전의 생에서의 자신이 차린 길드뿐이었다.
“……입사할 건데요.”
고로 자신이 아는 사람들밖에 없다는 뜻이다.

새로운 몸에 빙의해 새 삶을 살아보려 했더니만 어째 뜻대로 흘러가지 않는다.",https://ridibooks.com/books/297027966
망돌의 리더로 돌아왔다,김덕정,BL연재소설,페로체,전체 연령가,84,2020.03.26.,미완결,//img.ridicdn.net/cover/3885002276/xxlarge,"‘망돌’
통칭, 망한 아이돌.
중소기획사도 아닌 좆소 of 좆소에서 데뷔하는 바람에 인지도도 딸려 죽겠는데 설상가상으로 그룹 멤버의 비밀 연애까지 터져버렸다.
덕분에 남은 한 줌짜리 팬덤마저 박살 난 망돌 of 망돌.
그 망돌의 리더가 나다.
아니, 나였다.

데뷔를 준비하며 들어간 투자금은 억 소리 나는 빚으로 남았고
찜질방 카운터에서 먹고 자며 근근이 생계를 이어가다가 불의의 사고로 생을 마감했다.

그런데 눈을 떠 보니 연습생 시절로 돌아왔다.
데뷔 전으로 돌아온 이상, 이 멤버 새끼의 연애를 막아야겠다.

근데, 데뷔곡이 반야심경 리믹스다. 데뷔무대는 Bulgyo Bang Song <전국 경전 자랑대회>인데…
이거 정말 괜찮은 거야?

회귀한 망돌 리더의 눈물겨운 고군분투기!
<망돌의 리더로 돌아왔다>",https://ridibooks.com/books/3885001397
Repeat Mark: 리핏 마크,카고아기,BL연재소설,M블루,전체 연령가,225,2019.12.14.,미완결,//img.ridicdn.net/cover/2200033429/xxlarge,"※ 5월 14일, Repeat Mark: 2부 연재가 재개됩니다. 도서 이용에 참고 부탁드립니다.
※ 「외전: 두 번째 삶_하늘」에서는 NL소재를 다루오니, 도서 이용에 참고 부탁드립니다.


멍청히 서 있기만 하는 짓은 충분히 했다.
이제 질렸어. 그러니, 날 수 있다면 날아봐야지.

***

자살로 끝을 냈음에도 다시 돌아온 두 번째 회귀에 주선율은 모든 것을 체념한다.
하지만 한발자국 멈춰서 둘러본 주위는 여태까지 생각했던 것과는 전혀 다른데…….

한편, 전생의 연인을 그리는 주선율이 즉흥적으로 시작한 단역 연기 이후 많은 것이 변하기 시작한다.


Copyrightⓒ2019 카고아기 & M Blue
Illustration Copyrightⓒ2019 TD
All rights reserved",https://ridibooks.com/books/2200030461
그럴 수도 있지.,불광행,BL연재소설,BLYNUE 블리뉴,전체 연령가,78,2020.04.16.,미완결,//img.ridicdn.net/cover/2336004015/xxlarge,"#세계관내최강자공 #소설속주인공공 #대형괴물공 #무심끝판왕수 #소설에들어왔했수 #본의아니게최약체수

집으로 돌아오는 길에 갑자기 나타난 괴물이 집을 부쉈다. 헌터라는 자들이 나타나 괴물을 쓰러뜨리고 무너져 내린 건물을 복구해 주었다. 아무래도 얼마 전에 본 현대 판타지 소설 속에 들어온 모양이었다.

어쩌겠어, 그럴 수도 있지.

매사에 무심한 수현은 소설 속에 들어와도 그러려니 하는 성품의 소유자다. 그런 그가 바라는 것은 단 하나, 이대로 사건 사고를 몰고 다니는 주인공과 얽히지 않고 평범하게 살아가기였다.

""그래서 네 옆에 좀 있을까 해.""
""예?""

그러나 운명의 장난처럼 주인공 박민후와 계속해서 얽히는 것도 모자라, 동거 생활까지 하게 되는데….
엑스트라 이수현은 주인공 박민후와의 동거 생활을 무사히 마칠 수 있을까?

[미리보기]

""뭐 고치거나 추가하고 싶은 건?""
""없어, 없어. 대충해. 네 말대로 오래 있을 것도 아니고….""
""좋아요, 그럼 사인해요.""

어느새 프린트까지 해 온 계약서를 남자가 척하고 제 앞에 내려 두었다. 손수 펜도 집어 주었다. 생각보다 일이 잘 풀려 박민후는 나름 기분이 좋았다. 그가 저를 싫어하는 티를 내기에 혹시나 하였는데 돈으로 해결이 되다니. 돈 좋아하나 보네.

그렇게 기분 좋게 사인하고, 남자에게 펜과 계약서를 돌려주자 남자도 마찬가지로 사인을 했다. 그리고 그걸 벽에 걸려 있던 메모판에 딱 꽂아 두었다. 뒤돌아선 남자가 손을 내밀기에 그 손을 덥석 잡고 씩 웃었다. 그러자 남자가 손을 흔들었다. 저는 또 잘 부탁한다고 흔드는 거라 생각해서 같이 흔들었다. 이수현이 작게 한숨을 쉬었다.

""…손잡으라고 준 거 아니고요, 월세 달라고 준 겁니다. 손 좀 놓죠?"" 

그에 박민후는 얼굴을 확 구겼다. 그럼 그렇지! 이수현의 손을 확 팽개치듯 놔 버리고 휴대폰을 꺼내 들었다.

""계좌 불러.""
""예, OO 은행 XXX-….""

그런 박민후의 기분 따위 안중에도 없는 이수현은 묵묵히 계좌 번호를 불렀다. 이왕 이렇게 된 거, 어차피 자신이 무슨 짓을 해도 이 남자랑 엮이게 될 거라면 그냥 그러려니 이 흐름을 받아들이기로 했다.",https://ridibooks.com/books/2336003720
빛나는 기사의 오드아이즈,로체니콥 Rocheni-cob,BL연재소설,요미북스,전체 연령가,60,2020.05.14.,미완결,//img.ridicdn.net/cover/2183001904/xxlarge,"루티: 불길하다 여겨지는 오드아이지만, 빛나는 금발과 아름다운 외모를 지니고 있다. 비밀을 가지고 태어나 숲의 능력자인 난쟁이 루의 손에 자랐는데, 악마 소로텔에게 작은 거래를 제안했다가 목숨을 선물받는다.
제론드 보벤 글라드조르: 제국 기사단장의 아들이자 수색대장. 여인에게 곁을 둔 적이라고는 없었으나 정찰 중 발견한 루티에게 관심이 생겨 자신의 성으로 데려간다.

소개
인적이 드문 숲속, 난쟁이 루와 평화로운 나날을 보내던 루티는 숲에서 악마 소로텔과 맞닥뜨린다. 도망치지 못하리라 직감한 루티는 차라리 소로텔과 거래를 해야겠다 결심하고, 루티가 건넨 사탕을 먹고 기분이 좋아진 소로텔은 루티의 제안을 받아들인다.
그러던 어느 날 소로텔과 루티의 앞에 검은 제복을 입은 침입자들이 나타난다. 대포 소리가 울리고 불길이 치솟는 숲을 보고 정신을 잃을 뻔한 루티의 가슴에 소로텔은 자신의 뿔을 찔러넣는다.

흑마를 탄 사내들이 휩쓸고 지나간 숲에 남겨진 것은 오로지 루티뿐. 그렇게 홀로 살아가던 루티는, 마치 5년 전 숲을 망가뜨린 사내들처럼 흑마를 탄 제국의 수색대와 마주친다.
수색대장 제론드는 자신의 눈에만 루티의 눈 색이 다르게 보인다는 것을 알게 되고, 어쩐지 익숙한 금빛 머리카락에서 눈길을 거두지 못하는데.

“숲에서 찾아낸 인간 1호가 될 테냐, 아니면 나와 함께 내 성으로 갈 테냐.”

루티를 벙어리 여인이라 오해한 제론드와 그런 제론드의 손에 이끌려 숲을 떠나게 된 루티. 루티는 벙어리 여인인 척, 점점 늘어나는 거짓말을 숨긴 채 낯선 사내의 곁에서 무사히 살아갈 수 있을까?",https://ridibooks.com/books/2183001818
애프터 이브닝,아이헤네,BL연재소설,피아체,전체 연령가,110,2019.12.03.,미완결,//img.ridicdn.net/cover/2036060616/xxlarge,"“이제원, 넌 내 거야. 넌 나에게서 못 벗어나.”
“더 이상 네가 말하는 대로, 네가 원하는 대로 행동하지 않을 거야.”
""요즘 못 챙겨 줘서 그런가. 정말 왜 이러지.""
“날 놔줘.”

""넌 내가 살면서 원한 유일한 사람이야. 그런데 내 곁을 떠나겠다고?""

***

세상을 휘어잡는 극우성 알파, 그만을 위해 길러진 충실한 개.
곁을 허락하지 않는 권도혁의 옆에 유일하게 남아 있을 수 있는 남자.
제원은 10년을 친구로, 오메가로 발현한 뒤 1년을 애인으로 지냈다. 
그러나 제원은 그의 바람을 알게 되고, 결국 늘 잔잔한 물결 같던 둘의 관계에 변화가 생기기 시작했다.",https://ridibooks.com/books/2036056322
데뷔를 피하는 방법,공수교대,BL연재소설,뷰컴즈,전체 연령가,141,2018.12.12.,완결,//img.ridicdn.net/cover/3049001147/xxlarge,"2019년 1월 14일자로 외전 1화의 오탈자가 수정되었습니다. 
수정된 도서는 구매목록에서 재다운로드하여 이용하실 수 있습니다.


모종의 이유로 무용을 그만둔 스무 살 하현은 방송국 PD인 삼촌의 부탁을 받고 아이돌 데뷔 프로그램 ‘서바이벌 ID’에 대타로 참가하게 된다. 참가 조건으로 통편집을 걸어 무난하게 탈락할 줄 알았는데, 어째 반응은 격하기만 하다. 인터넷을 발칵 뒤집어놓은 한 장의 프로필 사진으로 데뷔권 등수에 이름을 올려버린 하현은 의지와는 다르게 데뷔에 점점 가까워진다.

긴 고민 끝에 하차를 포기하고 진지하게 임하게 된 하현은 결국 데뷔를 하게 된다. 당연히 순탄치만은 않을 것을 예상했지만…….

“그래도 좋아하는 건 하고 싶은데 안 될까요?”

데뷔하자마자 같은 그룹이 된 멤버에게 고백을 받았다.",https://ridibooks.com/books/3049001147
딜러의 활약기,샴록,BL연재소설,BLYNUE 블리뉴,전체 연령가,101,2020.01.16.,완결,//img.ridicdn.net/cover/2336003394/xxlarge,"*<딜러의 활약기>는 2020년 4월 27일 최종화가 연재될 예정입니다.

#무심한척하공 #뒤에선사랑꾼공 #랭킹1위바르공 #은근키배잘하수 #컨트롤괜찮수 
#은근귀엽수

다사다난한 겜생보다
단순한 듯 더 복잡한 동거 생활!

게임 ‘에르덴’에서 ‘키키아’라는 닉네임으로 활동 중인 서련. 혼자서 상대 진영 네 명 정도는 PVP로 상대할 수 있는 컨트롤로 게임 내에서 유명인에 속한다. 어느 날 게임을 하다 서련은 함정에 걸려 여섯 명을 상대할 위기에 빠진다. 절체절명의 순간, 서버 내 네임드이자 서련과 같은 진영인 묵요가 그 옆에 나타난다. 그러나 묵요는 서련을 도와주기는커녕 되려 서련의 뒤통수를 후리며 공격한다. 황당함 속에서 묵요와 PVP를 하다 서련은 죽게 되고, 다음날 게시판에서 자신의 캐릭터인 키키아가 묵요에게 복수했다는 글을 보게 된다. 그러나 그건 서련이 한 짓이 아니다. 당사자도 아닌 사건의 전말에 휘말린 것과 함께 '킬레아'라는 유저 한명이 더 얽히면서 서련의 평탄했던 게임 라이프는 점점 다사다난해지는데...

서련의 동거인이자 한때 의붓형제였던 하진은 평소 서련에게 끊임없이 집착하는 모습을 보인다. 서련 역시 알면서도 무른 마음으로 받아주기 일쑤다. 한데, 그 집착이 어째서인지 현실을 넘어 게임에까지 미치기 시작하는데....

매일 밤 기어들어와 서련을 꽉 껴안고 잘 만큼 특별한 집착을 보이는 하진과 
게임에서만큼은 혼자 평화롭게 포탈을 타며 놀고 싶은 서련.

서련은 과연, 평화로운 게임생활을 누릴수 있을까?


[키워드]

현대물, 동거/배우자, 하극상
강공, 무심공, 까칠공, 츤데레공, 집착공, 연하공, 짝사랑공
미인수, 다정수, 소심수, 외유내강수, 단정수, 무심수, 연상수, 상처수
대학생, 오해/착각, 게임물
코믹/개그물, 달달물, 삽질물, 힐링물, 성장물, 3인칭시점

[미리보기]

“…뭐야, 왜 이 새끼 걸 보고 있어.”
“!”

뒷목을 스치듯 들려온 소리에 서련의 어깨가 뻣뻣이 굳어졌다. 저도 모르게 숨을 헉 들이켠 서련은 눈을 깜빡이며 뻣뻣한 자세로 목을 돌렸다. 바로 뒤에는 머리 위에 수건을 얹은 하진이 스산한 시선으로 모니터 화면을 바라보고 있었다.

“술은 깼어?”

서련은 푸딩을 슬쩍 치우며 물었다. 하진은 그제야 모니터에서 시선을 떼고 서련을 내려다보았다. 평소보다 나른하게 풀린 눈매가 아직 취해있다는 걸 단번에 알려주었다. 그런데도 그는 다 깼다고 부러 거짓말을 했다.

“어. 그러니까 그거 한 입 줘 봐.”

하진이 가리킨 건 서련이 슬쩍 치운 푸딩이었다. 평소에 단 것이라면 거들떠도 안 보면서, 하진은 유독 술이 올라왔을 때만 서련에게 ‘한 입’을 요구했다.
서련은 순순히 푸딩을 퍼서 하진의 입가에 옮겨다 주었다. 덥석 받아먹는 하진의 표정이 점차 일그러졌다. 그러면서도 꾸역꾸역 삼켜 먹었다.

“이 새끼 거는 왜 보고 있었는데.”

어쩔까 하다가 서련은 솔직하게 묵요에게 당한 일을 말해주었다. 대수롭지 않게 죽었다고 말하자, 하진의 눈매가 설핏 일그러졌다.

“죽었다고? 저놈한테? 저 새끼 여기 섭 아닐 텐데?”
“네가 어떻게 알아?”
“왜 몰라. 저 새끼가 내….”
“내 뭐.”
“…어쨌든 저 새끼한테 발렸다는 거 아니야.”

새끼가 뒤지려고 동족상잔을 하고 지랄이야. 나름 작게 말하려고 한 것 같은데, 그 소리는 서련의 귓가에 살벌한 모양새로 흘러들어왔다. 하기야, 서련보다 에르덴을 더 일찍 시작한 게 바로 하진이었다. 그렇다고 같이 하는 건 아니었고, 하진은 시간이 비면 간혹 하고 있는 정도였다. 사실 서련은 하진이 어느 서버이며, 무슨 직업을 키우고 있는지도 몰랐다.
그 정도로 하진과 서련은 생활 패턴이 달랐다.

“성하진, 가서 잠이나 자.”
“너는.”
“형이라고 안 부르지.”
“형은.”

하진은 바로 정정했다. 그놈의 형이라는 소리가 입에 어지간히 안 붙는 모양이었다. 특히나 술에 취했을 때, 그 형이라는 호칭은 더 얄팍해졌다.

“나도 자야지.”

하진의 머리카락에서 물기가 뚝뚝 떨어졌다. 안 말리고 이대로 잘 것 같아서, 서련은 급히 손을 뻗었다. 그러나 하진이 더 빨랐다. 수건을 내팽개치고 그대로 서련의 허리를 부둥켜안은 채 일어났다.

“성하진, 너…!”
“가만있어봐, 어지러우니까….”

하진이 향한 곳은 서련의 침대였다. 서련을 안은 그대로 하진은 이불 안으로 꾸물꾸물 파고들었다. 옅은 술 냄새와 함께 시원한 향기가 코를 찌르고 들어왔다. 빠져나온다고 발버둥 치는 서련의 귓가에 정신을 아득하게 하는 말이 들려온 것도 그때였다.",https://ridibooks.com/books/2336003394
기화담연가,장바누,BL연재소설,녹턴,전체 연령가,152,2019.04.24.,완결,//img.ridicdn.net/cover/875111005/xxlarge,"“가져가시오. 댁의 것이오.”

난데없이 꿈에 침입한 이가 잉어를 안겨주는데.

“받지 않겠네.”
“대체 왜 그러는 거요?”
“내겐 부인이 없는데 태몽을 꿔봐야 무얼 하겠나.”

그것이 태몽이고, 난 홀아비라면……?!

계속되는 기이한 꿈에 궁금증을 참지 못한 은헌은 자리를 털고 일어나 추적을 결심한다.
믿을 수 없는 초자연적인 현상이 그의 주변을 맴도는 가운데 이윽고 마주하게 된,
꿈보다 더 기이한 사내, 고윤.

알아도 모른 척, 맞아도 아닌 척, 일평생 욕심을 버리고 또 버리며 살아온 은헌과,
산 자와 죽은 자 사이에서 듣고도 못 들은 척, 보고도 못 본 척 지내온 고윤.
닮은 듯 닮지 않은 두 사람은 그렇게 각자의 목적을 가지고 '귀신 선비'를 찾아 나서는데…….",https://ridibooks.com/books/875111005
옥오지애(屋烏之愛),체레네,BL연재소설,문라이트북스,전체 연령가,88,2018.03.30.,완결,//img.ridicdn.net/cover/2847000103/xxlarge,"*연재 본편은 전 연령 이용 가능하며, 외전만 19금 도서인 점 이용에 참고 부탁드립니다. (단행본에 포함되어 있는 외전과 동일합니다)


고아로 자란 온은 19세의 나이로 살해당해 저승에 오게 된다. 그리고 그곳에서 윤회를 거부하며 저승에 남기로 하고, 염라대왕의 명으로 지부사천대왕이 있는 지하 궁으로 보내지게 된다. 하지만 지하 궁엔 악랄한 괴롭힘으로 영혼들을 쫓아내는 인물이 있다. 이승에서 영혼의 천도 기간인 49재. 즉, 저승에서 49일을 보내야만 영혼의 다음 행보를 결정할 수 있다. 염라대왕과 지하 궁의 사람들은 온이 괴롭힘에 49일을 버티지 못하고, 윤회하기를 바라는 마음이었지만, 온은 꿋꿋하게 버텨나간다. 그리고 지부사천대왕인 묵현은 그런 온에게 조금씩 시선이 가기 시작한다.",https://ridibooks.com/books/2847000103
힐링 라이프를 위하여,이아민,BL연재소설,폴링인북스,전체 연령가,123,2018.10.31.,완결,//img.ridicdn.net/cover/2719000119/xxlarge,"대한민국의 데뷔 7년차 인기아이돌 iridescent(이뤼데센트)의 메인보컬 이수안.

불화설과 왕따설이 가득했던 7년의 활동기를 접고, 27살의 나이에 은퇴를 결정하게되는데...

성공적인 은퇴 기자회견을 끝내고 집으로 돌아와 침대에 누워 은퇴기사를 읽어보다 잠에 들고, 눈을 뜨니 데뷔 직전으로 돌아왔다?!

달라진 멤버들과 변해버린 과거.

""데뷔하기 싫습니다!""

난 여행을 다니고 싶다고!

평화로운 인생을 살고 싶은 수안이의 힐링 라이프를 위하여.

우월수, 상처수, 미인수, 무심수, 아이돌수, 다공일수, 다정공, 연하공, 츤데레공, 대형견공, 헌신공, 연상공, 회귀물, 아이돌물, 착각계",https://ridibooks.com/books/2719000119
회장님의 애인,dooboo,BL연재소설,레이디몬스터,전체 연령가,29,2017.07.20.,완결,//img.ridicdn.net/cover/2629000465/xxlarge,"""저희 회장님께서 갑자기 돌아가시는 바람에 아드님이 기업을 물려받게 되었습니다."" 그는 차가운 금욕 미남이며, 일 밖에 모르는 매정한 사람 소문이 자자했다. 그러던 어느 날 나를 회장실로 불렀다. 그리고는 나를 뚫어지게 바라보는데 눈빛이 너무 뜨거워서 얼굴이 빨갛에 달아오르는데… 알고 보니 회장님은 늑대!",https://ridibooks.com/books/2629000465
무명 아이돌에서 인기 아이돌이 되었다,오리세마리,BL연재소설,데일리북스,전체 연령가,178,2020.01.18.,완결,//img.ridicdn.net/cover/1356025967/xxlarge,"교통사고가 난 후 정신을 차려 보니, 세상은 삼 년이라는 시간이 지나 있었다. 무명 아이돌이었던 나는 최고의 인기 아이돌이 되어 있었고, 불편했던 멤버들은 내게 친한 척 굴었다. 내가 삼 년 동안의 기억을 잃었다고? 기억이 없는 삼 년 동안, 내가 우리 그룹을 이 자리에 올려놓았다고?

내가 부른 적이 없는 노래, 한 적이 없는 말과 행동. 그간의 방송 기록에 비친 나는 실제의 나와 전혀 다른 사람처럼 행동하고 있었다. 그리고 찾아낸 누군가가 쓴 일기장. 내 몸속에 누군가 ‘빙의’ 됐었다고 하는데.

모두가 알고 있는 나는 사실 내가 아니었다. 모든 사람이 다른 사람이 빙의되었던 그때로 돌아오라고 한다면, 나는 대체 누구라고 할 수 있을까?



※ 팬반응이 포함되어 있습니다.
작가님의 요청으로 팬반응은 무료로 오픈됩니다.
작품 이용에 참고하여 주시면 감사드리겠습니다.",https://ridibooks.com/books/1356025967
회귀를 피하는 방법,공수교대,BL연재소설,뷰컴즈,전체 연령가,66,2019.10.17.,완결,//img.ridicdn.net/cover/3049004698/xxlarge,"인생 2회차에 또다시 맞이한 5주년 콘서트. 그리고 한 번 더 회귀했다.

대형 신인으로 몇 번이나 대상을 거머쥐고, 단단하게 자리매김한 그룹 레브는 순식간에 1년 차 신인이 됐다. 흘러넘치던 자부심을 마음껏 드러내기에 이곳은 아주 먼 과거였다. 

또다시 한낱 새파란 신인으로 전락한 예준은 그룹의 믿음직한 리더로써, 얌전히 세 번째 삶을 살아가려고 했다. 

같은 그룹 멤버가 고백을 해오기 전까지는.

 ""헷갈리게 하지 말라고 했는데 형이 먼저 약속 어긴 거예요.""

하지만, 언제나 양심없이 하고 싶은 건 다 하고 살아온 예준에게도…….

10년을 넘게 자식처럼 챙겨온 6살 연하의 막내는 조금, 조금 많이 마음에 걸렸다.


 ***

 ""저 학교 갈 때 쓰라고 주셨나 봐요.""

준이 꺼내든 물건의 정체는 학용품 세트였다. 준이 학생이라는 점을 고려해서 직접 명찰까지 제작을 했는지, 교복에 달면 딱 앙증맞고 귀여울 것 같은 노란색 명찰도 함께였다.

""명찰 신기하다. 이런 건 어떻게 만드시는지 모르겠어요.""

준이 얼마나 기뻐하든 말든 예준은 신경을 쓸 틈이 없었다. 이번에는 귀여움이고 뭐고 느낄 새도 없었다.

""형?""

자신을 부르든 말든, 준과 자신의 나이 차이를 계산하던 예준이 멈칫했다. 암산을 잘 하지도 않는데 이럴 때만 머리가 프로펠러처럼 잘 돌았다. 그냥 스물다섯이어도 쓰레기인데 거기에 회귀를 두 번…….

 ""왜 그래요?""

……이거 완전 희대의 씹새끼 아니냐?",https://ridibooks.com/books/3049004698
라스넬,천연과실,BL연재소설,고렘팩토리,전체 연령가,289,2018.12.31.,미완결,//img.ridicdn.net/cover/2107063866/xxlarge,"[서양판타지, 차원이동, 다공일수, 개그물, 성장물, 계약, 노예공, 냉혈공,
다정공, 강공, 능욕공, 집착공, 순정공, 주인수, 명랑수, 외유내강수]


죽어가는 가족을 살리는 대가로 차원을 이동한 라스넬.
그는 제국의 4대 무가의 하나, 보르크 가문의 둘째 아들로서 살아가야 한다.

성인식 때 미래를 결정할 무기를 골라야 하는데,
라스넬은 무기고에서 화염검 인페르노의 화신을 만난다.

-흠. 볼품없게 생겼구나.

굉장히 까칠해 보이는 그는, 라스넬이 그냥 지나치려 하자 화를 내고
라스넬은 결국 그를 선택한다.

그 후 차가운 인상의 아버지와 마주한 라스넬.
그는 라스넬의 변화를 단박에 알아채고, 가주가 되라 한다.

“가주의 후계자는 되고 싶지 않아요.”

라스넬은 거절하지만 그는 3년의 시간을 주겠다며
2년간 제국 아카데미에서 수업 받을 것을 명령한다.

이후 서점에 들른 라스넬은 심상치 않은 기운을 느끼는데
그곳엔 일주일 전 파예 상점에서 본 하급 파예가
악귀에 씐 모습으로 사람을 해치려 한다.

그를 기절시킨 라스넬은 이상한 공간에 갇히고,
벗어나려면 파예를 죽이거나 그와 계약을 맺어야 한다.
차마 그를 죽일 수 없었던 라스넬은 그와 계약하기 위해 입 맞추는데…

“주인님의 성함은?”
“라스넬 체 보르크.”
“제 이름은?”
“블레이크. 네 이름은 블레이크야.”

아카데미에서 벌어지는 라스넬의 파란만장 성장기!
맑은 하늘을 닮은 소년과 깊은 바다를 닮은 파예의 운명은?",https://ridibooks.com/books/2107037783
캔 유 힐 미? (Can you heal me?),미우미유,BL연재소설,WET노블,전체 연령가,93,2018.08.21.,완결,//img.ridicdn.net/cover/845013466/xxlarge,"#오메가버스 #조폭공 #후회공 #개아가공 #조폭수 #도망수 #임신수 #먹방로드 #힐링물

태운 건설의 이사, 김주한에게는 더러운 개 한 마리가 있다.
더러운 진창을 굴러도 한결같이 충성하는 사냥개, 한치성.

그랬던 그가 먼저 이별을 고했다.

-죄송합니다, 이사님.

휴대폰 너머의 목소리는 물 속에 잠긴 것처럼 젖어 있었다.
주한은 초조하게 핸드폰 뒷면을 두드렸다. 

-저 이제 회사 그만두려고 합니다.

그 말에 주한은 온몸이 얼어붙은 듯 차가워졌다.",https://ridibooks.com/books/845013466
유령을 잡아먹은 천사,빈이리,BL연재소설,녹턴,전체 연령가,109,2019.06.26.,미완결,//img.ridicdn.net/cover/875126617/xxlarge,"#마피아물 #외국인공 #마피아공 #한국인수 #해커수

전직 비밀정보요원이었던 해커, 형오. 부득이한 사정으로 몸담고 있던 팀이 붕괴되고 대한민국 경찰 조직의 보호를 받을 수 없다는 점에서 형오는 두려워하며 도망치려 한다. 하지만 결심은 이미 늦었고, 그를 찾아 한국으로 누군가 찾아오고야 만다. 
십여 년 전, 부모님의 죽음에 미국에 있는 삼촌에게 몸을 의탁하게 된 형오는 어딘가 수상한 이웃들과 그보다 더 수상한 삼촌과 함께 지내게 된다. 그리고 그곳에서 평생 잊을 수 없는 기억을 남긴 그, '미카엘'을 만난다.
다시 현재, 도망치듯 미국을 떠났던 형오는 결국 그곳에 강제로 돌아가게 되고, 끌려간 그곳엔 그토록 보고 싶지 않았던 옛 친구, 미카엘이 칼을 갈며 기다리고 있는데……",https://ridibooks.com/books/875113527
나는 허수아비 2부,키마님,BL연재소설,비욘드,전체 연령가,99,2017.09.29.,완결,//img.ridicdn.net/cover/2552000006/xxlarge,"*본 작품은 온라인 게임 ‘라테일’을 바탕으로 창조된 가상의 게임 ‘루나틱’을 배경으로 합니다.

[호롤롤로: 민성아 잘하자?^^?]
21길드에 새로 들어오게 된 막내 길드원 [일짱민성]은 다른 길드에서 사고를 치고 서버이전을 한 [김고운] 이라는 유저와 파티를 맺게 되는데,

[일짱민성: 아무리 생각해도 고운님은... 그럴 사람이 아니야]
[일짱민성: 누명을 쓴거라고 생각해]
[페이커: 본인이 콩깍지 씐거라는 생각은 안하시나요?]

소문과는 다르게 너무 착한 고운님을 둘러싼 랜선연애이야기!

[김고운: 민성님은 이제 저만 믿으셔야 해요?]
[일짱민성: 아멘;;]",https://ridibooks.com/books/2552000006
플러그 인(plug in),salra,BL연재소설,비숍,전체 연령가,56,2017.06.19.,완결,//img.ridicdn.net/cover/1962023501/xxlarge,"“너 혹시… 여동생 있냐?”
“…….”
“아니면 누나는….”
.
.
.
한태준 (18, 남)
“이게 김지운 그 새끼라고?”
교내 유명한 불량학생이지만 큰 키와 반반한 외모 덕에 인기는 많다.
태준은 최근 짝사랑을 하고 있다. 수학여행 때 마주친 여자애다.
반년 넘게 그 애의 자취를 찾기 위해 온 학교를 뒤졌다.
상사병에 시름시름 앓는 와중에, 같은 반이 된 한 녀석이 굉장히 거슬린다.
생긴 게 꼭 그 여자애와 닮았다. 남자만 아니면.
괜히 꼴 보기 싫어서 의자도 차고 욕도 했다.
근데 이게 무슨 운명의 장난인가.
그 여자애가 이 녀석과 동일인물이란다. 무려 여장콘테스트에 나가셨단다.
이런 젠장. 더 꼴 보기 싫어졌다.

- 김지운 (18, 남)
“선생님. 자리 좀 바꿔 주세요.”
어느 날부터 한태준이 자꾸 이상한 걸 묻는다.
여동생이 있는지, 누나가 있는지, 쌍둥이는 아닌지…….
없다는데 자꾸 물어 봐서 귀찮아 죽겠다.
잘못한 것도 없는데 자꾸 이유도 없이 괴롭히기까지 한다.
그러다 어느 날부터는 갑자기 초코우유를 주질 않나 영문 모를 행동들을 한다.
도대체 어느 장단에 맞춰야 할지 모르겠다.",https://ridibooks.com/books/1962023501
재생(再生),청정,BL연재소설,프린스노벨,전체 연령가,57,2017.06.05.,완결,//img.ridicdn.net/cover/945015306/xxlarge,"['프린스노벨'은 색(色)다른 상상이 가득한 에피루스의 BL브랜드입니다] 


-내가 빼앗았던 삶을 다시 돌려주마. 

허울뿐인 진국의 대신관, 실제론 황제의 남창으로서의 십 년.
보답 받지 못 하는 사랑의 구걸도,
다정하지 않은 놀림에 상처받는 것도, 
타인의 차가운 시선에 아무렇지 않은 척하는 것도 지긋지긋했다.
황제 융을 향한 여담의 사랑은 십 년을 꼬박 상처로만 되돌아왔다. 

결국 죽음을 택한 여담에게, 여신은 죽음 대신 회귀를 선물해주었다.
열 살, 모든 일이 시작되었던 그때로 되돌아간 여담.
이번 생에서만큼은 황제의 그림자도 마주치지 않겠다 결심하였으나, 
회귀 후 달라진 것은 여담의 운명만이 아니었다!

""내 아이를 낳아라.""
""네?""

저기요, 우리 황제가 달라졌어요!
쥐면 터질까, 불면 날아갈까 전전긍긍 안달복달 여담바라기 황제 융.
진국 수뇌부가 아니라 진국 수다부가 된 대장들과 인간 마법사 카임까지.

여담의 사랑을 얻기 위한 융의 눈물겨운 코믹액션판타지BL활극, 재생!
그리고 꿈의 합방 후 임신을 한 여담의 프리패스 황후 등극기, 재생 외전!",https://ridibooks.com/books/945015306
카로 미오 벤,챈,BL연재소설,비숍,전체 연령가,72,2017.06.21.,완결,//img.ridicdn.net/cover/1962023754/xxlarge,"안젤로 조르다넬로는 자신이 천국에 왔다고 생각했다.
하지만 이게 웬걸? 천국은 무슨, 지구와는 완전 다른 세계에 와 있었다!
안젤로는 그저 초고도비만의 평범한 성악가이고,
노래를 부르다 뇌졸중으로 쓰러졌을 뿐인데…… 왜?

이곳은 마치 서양 중세 시대와 비슷한 모습의 세계였다.
불행 중 다행인 것은 안젤로가 6개 국어를 할 수 있었다는 것.
그는 어찌저찌 통역과 번역으로 낯선 땅에서의 삶을 시작한다.

그러던 어느 날, 안젤로는 일어나 보니 다른 사람이 되어 있었다.
이 얼굴은…… 그와 사사건건 부딪치던 루카 카스타놀리의 얼굴이다.
“혀어엉니히이음 제가 돼지가아으앙아 되어 버려써요오오으허으어어……!”
게다가 루카는 안젤로의 몸을 한 채로 찾아왔다.
이게 도대체 어떻게 된 일이지?
어떻게 해야 원래대로 돌아갈 수 있는 거냐고!",https://ridibooks.com/books/1962023754
어쨌든 연예인입니다,귤땅,BL연재소설,조은세상,전체 연령가,148,2018.02.01.,완결,//img.ridicdn.net/cover/2498001375/xxlarge,"*73, 74화 수정되었습니다. 72화는 이상 없습니다. 
기존에 구매하신 분들은 파일 삭제 후 다시 다운로드 받으시면 새 파일로 읽으실 수 있습니다. 이용에 참고 바랍니다.*


#현대물 #판타지 #재회물 #미인공 #다정공 #재벌공 #천재공 
#미인수 #까칠수 #능력수 #차원이동/영혼바뀜 #외국인 #연예계 
#코믹/개그물 #성장물 #사건물 #수시점



무명배우 강민우의 몸을 빌려 살았던 5년.
어렵사리 톱스타가 된 순간, 나는 다시 임서훈으로 돌아왔다.

살아 돌아온 것에 적당히 만족하며 지냈으면 그만이겠지.
하지만 이젠 알아버렸다.
아무런 목표 없이 세월만 보내는 게 얼마나 바보 같은지.
꿈도 목표도 없이 되는대로 사는 게 얼마나 허무한지.

어쩌면, 이게 두 번째 기회가 아닐까?
그렇다면, 빛나는 이 몸의 재능을 썩히긴 너무 아깝잖아?
되돌아온 걸 경험삼아 이번에야말로 제대로 배우가 되어주지!

아니, 그런데 저 질긴 놈은 대체 뭐야!?",https://ridibooks.com/books/2498001375
어느 별에서 왔을까,김윤슬,BL연재소설,프린스노벨,전체 연령가,60,2017.06.08.,완결,//img.ridicdn.net/cover/945015514/xxlarge,"['프린스노벨'은 색(色)다른 상상이 가득한 에피루스의 BL브랜드입니다] 


“미아, 미안해요…….”
“갑자기 무슨 말이야?”
연은 이런 자신과 친하게 지내려고 노력하는 지욱에게 진심으로 미안함을 담아 말했다. 
지욱은 이런 자신에게 친절하다. 이상하다는 시선이 아니라 자신을 이해해준다. 
보잘 것 없는 자신에게 이런 사람은 과하다. 자신은 이런 사람과 친구를 해도 되는 걸까.
“하, 한심, 한 저한테 맞춰주고……. 미, 미안해요, 정말. 저는 그냥 보잘것없는 사람-!”
“연아, 너는 한심하고 보잘것없는 사람이 아니라 존재 자체만으로도 소중한 사람이야. 네 존재로 내 인생이 즐거워지고 달라졌는데……. 연이, 네가 얼마나 소중한데. 그런 말은 하는 거 아니야. 너는 그 자체만으로도 소중해.”


과거의 상처때문에 세상이 무서운 남자 고연.
그런 고연의 상처까지 사랑하는 황지욱.

어렸을적 가족을 잃은 트라우마로 인해 사람과 대면하기를 두려워하는 
고연은 먹방 BJ를 하며 생활하고 있다.
그런 연에게 빠져 애정공세를 퍼붓는 지욱.

지욱은 다친 연의 마음에 문에 끊임없이 조심스럽게 그리고 다정하게 노크한다.
연은 서서히 지욱에게 마음의 문을 열어가는데…….


아프지만 괜찮은 달콤한 두 사람의 사랑이 시작된다!",https://ridibooks.com/books/945015514
"힐 미, 나우 (Heal Me, Now)",타락,BL연재소설,고렘팩토리,전체 연령가,88,2018.08.21.,완결,//img.ridicdn.net/cover/2107031901/xxlarge,"[현대물, 서양풍, 특수부대원공, 벤츠공, 다정공, 헌신공, 외과의사수, 도망수, 능력자수, 미인수, 울보수, 서브공 있음]


1년간 사귀던 애인에게 차인 뒤, 충동적으로 아프가니스탄 내전 지역 의료 봉사에 자원한 이안.
그는 현장에 도착하자마자 총상으로 과다출혈인 특수 부대 U팀 대장 미카엘을 수술하게 된다.

수술실을 나오다 피를 뒤집어 쓴 푸른 눈의 남자와 마주한 이안.
그는 U팀 소속의 알렉산더 중위였고, 그 역시 찢어진 상처가 있어 이안이 봉합해 주는데…

계속되는 전쟁에 정신없는 나날을 보내던 도중,
이안은 한밤중에 병실 바닥에서 푸시업을 하는 미카엘을 보고 경악한다.

“죽으려고 환장했습니까? 어떻게 살려 놨는데……!”
“사복이시네요.”

그를 세워 놓고 화를 내지만 미카엘은 환히 웃으며 대꾸할 뿐 씨알도 먹히지 않는다.

게다가 미카엘의 호출을 받고 불려온 알렉도 꿰맸던 상처가 덧나 있다.
천불이 나는 속을 삭히며 상처를 다시 꿰매는 이안.

“한마디만 하겠습니다. 의사 말이 말 같지 않습니까?”
“절대 아닙니다.”

그러면서 빤히 바라보며 쓸데없는 말을 거는 통에 집중이 안 된다.

전 애인 생각만으로도 복잡해 죽겠는데 두 남자가 번갈아가며 괴롭히니 더 심란해지는 이안.
그는 마음의 상처를 극복하고 새 사랑을 찾을 수 있을까?",https://ridibooks.com/books/2107031901
강을 오르는 고래,깅기,BL연재소설,시크노블,전체 연령가,48,2017.07.11.,완결,//img.ridicdn.net/cover/809004916/xxlarge,"정오는 내게 죽고 싶다고 했다. 
전에도 술 마시면 곧잘 허무맹랑한 소리를 해서 역시 그러려니 했다. 이틀 뒤, 바로 어제 정오가 죽었다. 찌든 몰골로 나를 찾아왔던 그 정오가.

정오는 왜 죽기 전에 나를 찾아왔을까. 그가 죽고 나는 줄곧 그날에 대해 생각했다. 후회가 밀려왔다. 다시 그때로 돌아가도 무슨 혜안이 있는 것도 아니면서. 그래도 그냥 생각했다. 정오를. 정오가 왜 나를 찾아왔는지. 북적북적한 장례식장에 무거운 엉덩이를 붙이고 그 애를 추억했다. 그런데. 
“정오야.”
발인 일주일 후, 정오가 돌아왔다. 정확히는 내가 녀석을 만나러 갔다는 게 맞다. 원해서 그런 것은 아니지만. 어쩐 일인지 내 옷장엔 교복이 걸려 있고, 3년 전에 세상을 떠났던 엄마가 나를 두들겨 깨웠다. 그리고.
“놔.”
정오도 있었다. 정오가 내 손을 떨쳤다. 나는 다급하게 다른 손으로 정오를 잡았다. 정오가 다시 팔을 뺐다. 나는 양손으로 정오를 잡았다.

정오는 나를 어떻게 생각했을까. 무슨 마음으로 그날 나를 찾아왔을까.
정오가 남겨준 질문 때문에 나는 더욱 현재의 정오에게 얽매였다.
정오가 아니면 답을 내지 못하는 질문을 수없이 반복했다. 궁금하다. 
“정오야. 문제가 뭔지 말해 줘. 우리 평화적으로 풀자.”
슬금슬금 물러서다 벽에 막혀 등을 붙였다. 정오가 다가와 나를 가둔다. 침을 꿀꺽 삼켰다. 정오가 또 손을 뻗었다. 이번에야말로 주먹인가?
그러다 정오가 내 입을 막았다. 아예 내 얼굴을 쥐었다. 아귀힘을 주지도 않은 것 같은데 살짝 아프다.

“네 입이 문제야.”
정오의 낮은 목소리가 계속해서 귓전을 때렸다.
“네 눈도. 네 전부. 다 문제야.”",https://ridibooks.com/books/809004916
목구멍이 포도청,야야,BL연재소설,파란달,전체 연령가,60,2018.11.16.,완결,//img.ridicdn.net/cover/2057060885/xxlarge,"#책빙의 #피폐물

BL소설 속 쌍둥이 김산과 김들에 빙의된 두 소년.
그런데 하필이면 언제 죽을지 모르는 엑스트란다.

산과 들은 최악의 미래를 벗어나고자 몸부림 친다.
그럴 때마다 소설의 강제력이 그들을 옭아매는데.

과연 쌍둥이는 해피 엔딩을 맞이할 수 있을까.",https://ridibooks.com/books/2057060885
스테이 위드 미 (Stay with me),그러타,BL연재소설,프린스노벨,전체 연령가,55,2018.01.08.,완결,//img.ridicdn.net/cover/945038084/xxlarge,"#연예인 빙의물 #실력파 배우 공 #자상하 공 #수에게 약이 되주 공
#아이돌, 모델 다하 수 #너만 허락하 수 #트라우마 있 수 #극복 수


결국은 죽지 못했다. 또 다시 지옥이 시작되겠구나.
정신이 들자 다가오는 것은 안도보다 현실이었다. 지긋지긋한 현실이 겨우 살았다는 기쁨을 망설이게 했다. 

그런데 눈을 떴을 때, ‘오상진’이었던 나는 연예인 ‘류시한’이 되어 있었다. 

‘류시한’으로써 사는 것, 내겐 기회였다. 다신 없을 그런 기회. 남들과 같이 사는 것 자체가 내게는 기회였다. 이게 기회라면 다른 이에게 사랑받을 수 있지 않을까. 
그런데 과거의 트라우마로 인해 계속 되는 악몽 때문에 쉴 수도 없고, 남들이랑 닿는 것도 혐오스러워서 견딜 수가 없다. 

그런데, 그런 그에게 유일하게 접촉 할 수 있는 사람이 있었으니, 
바로 실력파 연기배우 ‘강지혁’.

“사고, 사고 이후에 악몽을 꿔. 잠을 잘 수가 없어. 매일 쫓기고 시달리는, 그런 꿈…. 날이 갈수록 심해져. 사람이 닿는 게 무섭고 혐오스럽단 말이야. 왜 당신은 예외냐고? 나도 알고 싶어.”

트라우마가 되어 쫓아오는 과거를 극복하며 ‘오상진’은 연예인 ‘류시한’으로써 잘 살아갈 수 있을까?",https://ridibooks.com/books/945038084
길 잃은 솜사탕,포슬포슬,BL연재소설,시크노블,전체 연령가,102,2017.08.14.,완결,//img.ridicdn.net/cover/809006848/xxlarge,"눈을 떠보니 낯선 숲 속이었다. 
어떻게 여기까지 온 건지 기억을 더듬어 봤지만 너무 춥고 배고파서 더는 생각을 이어 가기 힘들었다.

밥, 밥, 밥, 밥, 초콜릿, 과자, 빵, 빠아아아아아아앙!
“빠아아아아아앙 먹고 싶어어어어어!”
빠아아아아아앙 먹고 싶어어-.
빠아아아아아앙 먹고-.
빠아아아아아앙-.
빠아아-.
계속 주저앉아 엉엉 울고 있는데, 갑자기 뭐가 툭 품 안으로 떨어졌다. 
눈물을 닦으며 무릎 위를 강타한 걸 보니, 노릇노릇하게 구워진 빵이었다.
뭘 발라서 구웠는지 표면이 황금빛으로 고소하게 빛나는.
“……진짜 시끄럽네.”
놀라서 고개를 쳐들자 햇빛에 찬란하게 빛나는 금발의 남자가 보였다. 
그가 빵을 툭툭 던져 줬다. 
품 안에 한 가득 떨어지는 빵을 보며, 도담은 눈을 깜박였다.

그 후로도 남자는 도담이 뭔가를 원할 때마다 짠 나타나서 물건을 던져놓고 사라졌다.
혹시 그는 수호천사인 게 아닐까?",https://ridibooks.com/books/809006848
러브오어라이크,탓츠,BL연재소설,블랙아웃,전체 연령가,103,2018.03.14.,완결,//img.ridicdn.net/cover/1239004731/xxlarge,"그 영화 제목은 love or like였다. 러브와 라이크의 사이 어디쯤에 남녀주인공이 있었다. 사랑을 자각하는 방식은 사람마다 다르니까, 주인공들은 그 둘 중 어딘가에 서 있다가 영화의 끝에서 드디어 깨닫는다. like였는지, love였는지.

저는 명확하게 사랑이었으니까 생각할 필요도 없고, 재혁이 저를 어떻게 생각할까 싶었다. 사랑은 꿈에도 바랄 수 없으니까, 저가 like일지, hate일지 생각했다. 완벽하게 hate에서 시작해버렸으니까 시간이 흐르면, 저가 더 노력하면 조금은 like에 닿을 수 있을까? 부디 그랬으면 좋겠는데.

첫인상도 망치고, 어쩌다 마음도 들켜버려 재혁에게 싫은 녀석일 수밖에 없는 수현에게 남은 것은 1년간의 방송반 동아리 활동뿐. 저를 좋아해 주는 것은 바라지도 않으니 재혁의 마음속에서 제가 like에라도 닿기를 바라며 매일매일 노력하는 연수현의 눈물 나는 짝사랑 이야기",https://ridibooks.com/books/1239004731
천의 얼굴,봉블리,BL연재소설,시크노블,전체 연령가,78,2017.07.11.,완결,//img.ridicdn.net/cover/809005317/xxlarge,"서른일곱. 성공하지는 못했지만 꾸준히 배우의 길을 걸어오던 연우는 
어느 날, 거울 안에 비친 자신의 모습에 소스라치게 놀라고 만다.
그 안엔 스무 살, 또 다른 연우가 있었기 때문인데…….

컷- 소리와 함께 시작된 제2의 인생.
그리고 그런 그의 곁에는 처음으로 자신을 인정해 줬던 양우가 있다.

“감사합니다. 제게 선생님이 계셔서 다행이에요.”
“양우라고 불러요.”
“네?”
“이제 그래도 되잖아.”
“……네?”

새로운 삶과 함께 시작된 특별한 만남 속에서 
꽃처럼 피어나는 그와 그의 전성기.",https://ridibooks.com/books/809005317
고양이는 아홉 번을 산다,밤바담,BL연재소설,시크노블,전체 연령가,72,2017.07.11.,완결,//img.ridicdn.net/cover/809004964/xxlarge,"태어나자마자 버려졌지만 죽기 직전, 마을 책방의 할아버지에게 가까스로 구조된 스웬.
고양이 여왕의 서른한 번째 자식으로 태어났지만 부담감을 이기지 못하고 나라를 뛰쳐나온 노이.

“내 이름, 네가 지어 줘. 널 위해 비워 놨던 거야. 이제 알겠어.”

아홉 번을 사는 고양이들은 사는 동안 무언가에 열중하고 배우고 성장하려는 노력을 하지 않는다. 어차피 다음 생이 있다고 생각하니까.
그러나 스엔이 우연한 계기로 밤에 고양이들을 모아 책을 읽어 주는 ‘책 읽는 밤’을 열게 되면서, 고양이 세계에도 변화가 찾아오는데…….

아홉 번의 삶을 사는 고양이들과 그 속에 뛰어든 한 인간의 이야기.",https://ridibooks.com/books/809004964
나이는 숫자에 불과하다,피아니시모,BL연재소설,파란달,전체 연령가,51,2018.07.06.,완결,//img.ridicdn.net/cover/2057050481/xxlarge,"도시의 밤을 지배하는 남자, 차강록.
35년을 기다려, 드디어 자신의 가이드를 만났다.

그런데,

“몇 살이지?”
“열일곱이에요!”

강록은 멈칫했다.
그러나 그의 마음도 모르고 아이는 해맑게 웃었다.

“나는 딸기 사탕이 좋아요.”


[아저씨공/에스퍼공/조폭공/수한정 다정공]
[고등학생수/가이드수/정신이 조금 어린 수/성장수]",https://ridibooks.com/books/2057050481
삼우부인,유비아,BL연재소설,이색,전체 연령가,58,2017.05.29.,완결,//img.ridicdn.net/cover/102020795/xxlarge,"려국에서 삼우부인이라 조롱받는 은우와, 그와 정략혼인한 환의 이야기.",https://ridibooks.com/books/102020795
소년연애담,나나코,BL연재소설,블러쉬,전체 연령가,59,2017.07.11.,완결,//img.ridicdn.net/cover/3884001427/xxlarge,"

“너 소개팅 해라.”
“…….”
“진짜 괜찮은 애라서 그래.”

그런데 평소와 별다를 것이 없는 평범한 하루. 소개팅은커녕 다가오는 여자애들조차 알게 모르게 막던 희준이 갑자기 정한에게 말했다.

같은 반 친구들조차 의외의 반응을 보이며 정한의 혼란스러움은 자연스럽게 묻혀 버린다. 결국 정한은 떠밀리다시피 희준이 소개시켜 준 여학생을 만난다. 그리고 돌아오는 집 앞엔 왜인지 희준이 서 있었다. 그리고 굳이 찾아온 것에 대해 묻는 정한에게 희준이 말했다.

“당연하지. 소개팅 결과가 나한테 엄청 중요하거든.”

기회를 준거야, 정한아. 목소리가 한 없이 다정해서 정한은 어리둥절했다. 그런 정한에게 희준이 다시 말했다.

“나한테서 도망칠 기회.”

중학교 때부터 줄곧 친구로 지내 온 희준의 갑작스러운 고백. 혼란스러운 정한은 제 감정대로 희준에게 쏟아붓지만, 희준은 그런 정한을 향해 말한다.

“나는 평소처럼 행동해도 돼. 왜냐면, 나는 그래야 하니까. 그래야지, 널 좋아하는 내 마음을 네가 알아줄 수 있으니까.”

외모, 성적 뭐 하나 빠지지 않고, 마찬가지로 바람기마저 다분해 보이던 인기남 희준의 절절한 짝사랑기이자, 그 마음을 갑자기 받게 된 정한의 지독한 혼란일대기.

과연 두 마음은 하나가 될 수 있을까?",https://ridibooks.com/books/3884001427
해피엔딩,소림,BL연재소설,블러쉬,전체 연령가,41,2017.07.11.,완결,//img.ridicdn.net/cover/3884001290/xxlarge,"철없는 망나니 재벌 권태한과 첫사랑의 아픔이 있는 이 연이 서로를 만나게 되며 벌어지는 이야기.

과거 아웃팅 당한 후 10년 동안 잠적하다가 올해 초에 복귀한 가수 이연. 
그런 그에게 성소수자로서의 파일럿 프로그램의 출연 제의가 들어온다. 
프로그램의 파트너는 다름 아닌 세계적으로 유명한 셀러브리티인 권태한!
이미 세계적인 사고뭉치로 정평이 나 있는 태한과 만사 초연한 이 연은 촬영 내내 충돌하고 그럼에도 계속 얽히게 된다.
그러던 어느 날 이 연의 노래에 반해 버린 권태한. 자신의 마음을 팬심으로 착각한 태한은 거침없는 성격과 저돌적인 모습으로 이 연에게 다가온다. 반면, 연은 역시 권태한에게 알 수 없는 이끌림을 느끼지만, 연에게는 10년 전에 식물인간이 된 연인이 있었다.
연인에 대한 죄책감에 권태한을 밀어내려 하지만 세상 모든 것에 자신만만한 권태한은 물러서는 법이 없고, 오히려 처음 사랑을 시작한 그는 이 연을 위해 변하고 바뀌어 간다. 

과연 태한과 이 연의 결말은 해피엔딩이 될 수 있을 것인가?",https://ridibooks.com/books/3884001290
"꽃이 피고, 꽃이 지다",시가츠,BL연재소설,에피루스,전체 연령가,42,2017.06.15.,완결,//img.ridicdn.net/cover/945015973/xxlarge,"술꾼인 부친과 함께 낯선 땅 일본에서 이지메를 당하며 편의점에서 아르바이트로 생활하는 희수.
졸업을 위해 자신을 이지메를 주도하는 인물, 타이세이가 있다는 걸 알면서 참고 견디던 어느 날, 
매일 같이 편의점을 찾아오는 타이세이에게서 나는 피비린내를 맡게 된 희수는 
새로운 또 다른 아르바이트 게이바에서 타이세이의 진짜 정체를 알게 되는데…….

“타이세이 님, 왜 이러십니까?”
“몰라서 물어?”
“전 정말 모르겠습니다.”
“신희수, 누가 건드리라고 했어?”
남학생은 피가 흐르는 입을 벌린 채 그를 올려다보았다.
“신희수는 내 꺼다.”
“네?”
“근데 너 같이 시시한 새끼가 건드려!”
타이세이는 집중적으로 남학생의 얼굴에 발길질을 해댔다. 남학생의 얼굴은 삽시간에 부풀어 올랐고, 피로 얼룩졌다. 고통이 얼마나 심한지는 묻지 않아도 알 수 있었다. 그러나 그의 발길질은 계속되었다.
쿨럭, 하복부를 강타당한 남학생의 입에서 핏덩이와 함께 치아가 나왔다. 바닥에 떨어진 자신의 치아를 본 남학생은 그의 발에 매달려 살려달라고 외쳤다. 
“뭘 잘못했는데?”
“그건…….”
“거봐, 모르잖아.”
피를 흘리며 머리를 조아리는 남학생을 타이세이는 거만한 얼굴로 내려다보았다. 표범을 닮은 눈빛은 피에 굶주려 있었다.
소란스럽던 주위가 잠잠해지자, 타이세이는 경호원에게 눈짓을 하며 옷매무새를 가다듬었다.
“저 자식이 앞으로는 두 발로 일어날 수 없도록 해!”
“타이세이 님.”

본문 내용 중에서",https://ridibooks.com/books/945015973
렌의 남자,시가츠,BL연재소설,에피루스,전체 연령가,21,2017.06.15.,완결,//img.ridicdn.net/cover/945015952/xxlarge,"일본인 친구 쿠마의 도박 빚 때문에 졸지에 렌이란 이름으로 시부야 카지노 재벌 리히토의 정부가 된 한국 청년 남우.
빚 대신 리히토에게 떠넘긴 친구의 배신보다 감금당하고 감시당하는 자신의 처지에서 어떻게든 벗어나고픈 렌(남우)은 리히토의 눈을 피해 쉴 새 없이 탈출을 감행하고.
하지만 렌(남우)이 탈출을 시도하면 할수록 절대로 자신의 것인 렌(남우)을 놓아줄 수 없는 리히토의 소유욕은 걷잡을 수 없을 정도로 커져 가는데…….


식사를 거부한다지.”
“관계없잖아요.”
“내 것에 흠집이 나는 것은 원치 않아.”
남우의 얼굴은 하얗게 질리고 말았다. 자신은 어엿한 성인 남자였다. 리히토에게 ‘물건’ 취급을 당할 이유는 없었다.
“너무 마른 몸도 매력 없어.”
“뭐라고요!”
기가 막혀 하는 남우의 턱을 리히토가 감싸 쥔 건 다음 순간이었다.
“이것…….”
“앞으로 네 이름은 렌이다.”
“내 이름은…….”
“잊어라.”

- 본문 내용 중에서 -",https://ridibooks.com/books/945015952
당신이 그린 달의 시간 속에서,세라비이,BL연재소설,프린스노벨,전체 연령가,8,2017.06.14.,완결,//img.ridicdn.net/cover/945015916/xxlarge,"['프린스노벨'은 색(色)다른 상상이 가득한 에피루스의 BL브랜드입니다] 

사랑하는 이의 죽음, 그 상처가 아직 다 아물지도 않은 그때에 '그 남자'를 만났다.
우연히 찾아들어간 적막한 시골 마을, 외떨어진 집. 
왠지 텅 비어 보이던 그 집을 떠들썩하게 메우던 달 그림. 그리고 그, 달의 주인.

“여기서 잘래?”
“음, 미안. 그런 취미는 없어서.”

그를 뒤로하고 떠난 지 1년 후, 그가 죽었다는 것을 알게 되었다.
그리고 그날부터 시간이 다시 '그날'로 돌아가기 시작했다.

“방송 들었는지 모르겠는데 오늘 눈 많이 온다. 그러니까 여기서 자고 가.”
“음…….”
“싫으면 말고.”
“싫진 않아.”

몇 번이고 반복되는 남자와의 만남을 조금씩 바꾸었지만 결과는 늘 같았다.

어떻게 해야 그를 구할 수 있는 걸까? 
왜 시간은 나를 자꾸만 되돌아가는 걸까? 
나는 그를, 그리고 내 삶을 구할 수 있을까?",https://ridibooks.com/books/945015916
동거인,김루씨,BL연재소설,프린스노벨,전체 연령가,11,2017.06.12.,완결,//img.ridicdn.net/cover/945015741/xxlarge,"“로망은 무슨 얼어 죽을 놈의 로망!”

신우는 남훈을 차갑게 비웃었다. 

“발정 난 곰 새끼가 발악하는 거지.”
“…….”
“산에 올라가서 똑같은 암컷이나 찾을 것이지 이 미친 새끼가 어디서 발정하고 난리야!”
.
.
.
첫눈에 반한 신원을 죽자사자 따라다녀 간신히 <동거인>까지 된 남훈.
드디어 고생 끝, 행복 시작이라 생각한 것도 잠시.
신원이 남훈을 <동거인>으로 받아들인 건 살인적인 집세를 쉐어하기 위한 이유였던 것.
곰탱이, 그리즐리, 발정 난 곰 새끼 취급에도 남훈은 울지 않고 강해지려 하지만
철벽방어 신원의 마음은 물론 몸까지 얻으려는 그의 여정은 나날이 험난하기만 한데!

김남훈은 과연 홍신우만의 사랑스런 테디베어가 될 수 있을까?",https://ridibooks.com/books/945015741
하이퍼 블루(HYPER BLUE),세라비이,BL연재소설,프린스노벨,전체 연령가,20,2017.06.08.,완결,//img.ridicdn.net/cover/945015574/xxlarge,"['프린스노벨'은 색(色)다른 상상이 가득한 에피루스의 BL브랜드입니다] 


세 남자가 함께하는 유쾌하고 음란한 사랑의 유람선!

제국 최고의 개망나니 마법사와 갓 미성년을 벗어난 대공의 서자 출신 검사, 
그리고 무언가 수상한 정체를 가진 듯한 막말하는 메모장 한 권.
세상의 끝을 향한 백일 동안의 항해는 점차 코믹호러음란화 되어 가는데…….

“가자. 싱싱한 비극이니 싱싱하게 즐겨야 하지 않겠냐, 인마.”
.
.

백일 동안 세계의 끝, 암흑의 낭떠러지로 향하는 처벌인 절벽형을 받은 두 남자.

피오르 퍼릴리아드 드나레. 
제국 황도의 모든 고위계 마법사들이 견제하는 천재 마법사. 
웬만한 미녀보다 예쁘기로 소문난 남자, 그 미모를 헤프게 휘두르는 난봉꾼. 
스물일곱 살로 역대 황도 군사학교 마력부 교수 중 가장 젊은 자. 
동료 교수들에겐 왕따, 제자들에겐 성희롱 수업만 하는 변태.

진 렉시스 카르펠.
카르펠 대공이 황도의 검은 장미라 불리던 창녀에게서 낳아온 서자.
열아홉의 나이에 황도 군사학교 검성부의 촉망받‘던’수재.
피오르의 불법 마법실험을 방조한 죄로 사형을 선고받아 백일배에 오른 죄인.

그리고, 죽음을 향한 백일의 여정을 함께하는 플라비.
말하는 메모장.
쓸 만한 놈.
마력도 저장할 줄 알고 날기도 하며 싸다구도 날릴 줄 아는 기타등등.
……그러나 사실은 메모장이 아닌, 그 무언가.",https://ridibooks.com/books/945015574
인어의 숲,김루씨,BL연재소설,프린스노벨,전체 연령가,35,2017.06.07.,완결,//img.ridicdn.net/cover/945015442/xxlarge,"「기억해. 만약 왕자가 너를 사랑하지 않는다면,
너는, 심장이 찢어져 바다의 물거품이 되고 말 거야」

인어공주의 저주에 걸린 네 남자의 뒤엉켜버린 감정의 활시위.


학창시절 인어공주 동화책을 끼고 다녀 인어공주라는 별명을 얻은 선우 연.
그에게 물거품이 되어버려도 좋을 만큼 사랑하는 사람이 생겨버렸다.
[이토록 절실하게 나를 원해준 사람은 없었어……]


연예계에서 스캔들 메이커로 불리는 차효신.
효신은 연을 물거품으로 만들지 않기 위해 모든 걸 포기하려 결심했다.
[그래, 연이를 지켜야지. 더 이상 ....",https://ridibooks.com/books/945015442
그의 침실로,이해윤,BL연재소설,다옴북스,전체 연령가,31,2017.06.16.,완결,//img.ridicdn.net/cover/3401000983/xxlarge,"작은 카페 사장인 준혁은 직원 면접에서 지유와 만나게 된다. 곱상한 얼굴이 마음에 들었지만 왠지 모르게 신경에 거슬리는 그가 마음에 들지 않는다. 
한편 지유는 준혁을 보고 설레는 마음을 어쩔 수가 없어 대놓고 관심을 표현하고, 준혁은 자꾸만 그를 밀쳐낸다.
이런 준혁에게는 남다른 비밀이 있다. 남자와 여자, 양쪽 모두와 사랑이 가능한 양성애자라는 것.",https://ridibooks.com/books/3401000983
퍼즐(puzzle),dooboo,BL연재소설,레이디몬스터,전체 연령가,121,2017.09.22.,완결,//img.ridicdn.net/cover/2629000724/xxlarge,"대학교 친구인 진현과 류준. 남들이 보기엔 마냥 친구 사이처럼 보이지만, 둘만 있을 때는 거침없는 애정 표현과 눈빛 교환으로 애정을 쌓아 간다. 그러나 진현의 잊었던 첫 사랑 강성천은 진현의 기억에는 없는 모습으로 나타나는데. 진현을 가운데 두고 따뜻한 류준과 차가운 강성천이 펼치는 풀리지 않는 퍼즐과도 같은 그들의 운명은 어디로 흘러갈까…",https://ridibooks.com/books/2629000724
빛 시리즈,휘령,BL연재소설,조은세상,전체 연령가,95,2018.05.16.,완결,//img.ridicdn.net/cover/2498001809/xxlarge,"#현대물 #첫사랑 #재회물 #캠퍼스물 #대형견공 #집착공 #연하공 #다정수 #외유내강수 #복수


어둡고, 차갑고, 혼자였던 이사혁의 세계에 성해우라는 빛이 내려왔다.
따듯하고, 맑고, 포근해서 이사혁의 공허함을 채워주는 그런 빛. 
그를 만나고 사혁에게는 욕심이 생겼다. 

“살아보고 싶다. 아니, 한 번 미쳐보고 싶어, 성해우란 사람에게. 그렇게 살고 싶어, 나.”

그런데 그 빛이 모두 거짓이란다. 그 빛이 자신을 버렸다. 
아무도 손잡아 줄 사람이 없는 사혁을, 곁에 남은 사람도 없어 이제 정말 혼자가 되어버린 그를 버렸다. 산산이 조각난 행복의 파편들은 깊은 상처를 내며 박혀 들었다. 
그렇게 5년이 흘렀다. 

낯선 땅에 떨어진 순간부터 사혁은 마음 안에 괴물을 한 마리 키우기 시작했다. 
욕심과 집착이라는 괴물은 점차 그 덩치를 키우더니 결국 자신의 마음을 전부 삼켜버렸다. 
그리고 또다시, 성해우가 자신의 영역 안에 들어왔다. 
예전처럼 누군가에게 빼앗기는 일도 없고, 성해우가 떠날 수도 없는 영역으로. 

“예전의 나를 보려 하는 거라면 틀렸어. 네가 나를 버린 순간부터 예전의 이사혁은 죽었어.
이젠 어디에도 가지 못해, 성해우.”

다신 누구에게도 버림받지 않을 것이다. 그리고 자신의 것을 빼앗기지도 않을 것이다. 
설령, 그것이 신(神)이라 해도.",https://ridibooks.com/books/2498001809
장르 탈출이 시급하다,이벡,BL연재소설,BLYNUE 블리뉴,전체 연령가,49,2020.05.12.,미완결,//img.ridicdn.net/cover/2336004010/xxlarge,"#쓰레기공들 #빙의했수 #원작흐름거스르수 #열심히노력하수

미션: 공들과의 로맨스를 피하라!

평범하게 한국에서 살다가 죽은 이후 낯선 세계에서 눈을 뜨게 된 르웰린. 그는 가족들로부터  사랑받으며 지내다가, 어른들의 사정에 휘말려 4황자인 에르켈의 놀이친구로 황궁에 가게 된다. 4황자와 다른 귀족 아이들과 생각보다 평탄하게 잘 지내던 르웰린은 어느 날, 자신이 빙의했다는 사실을 에르켈에게 들키게 되고, 에르켈은 상상도 못했던 정체를 가지고 있었는데!?

[미리보기]

“손만 뻗어도 사람들이 술렁거리고 눈길만 줘도 남자가 홀린다고? 미친 설정 아니야?”
“…남성향도 하렘물 많잖아.”

그건 그런데. 나는 지끈거리는 머리를 부여잡으며 숨을 고르게 쉬기 위해 노력했다. 그래도 걔네는 최소한 여자를 좋아하는 놈들이 여자를 만나는 거잖아. 나는 게이도 아닌데 남자들이 꼬이게 생긴 거고. 상황이 달라도 너무 달랐다.

심지어 주인공의 자의와는 상관없이 주연이라는 것들이 구애하며 
지들끼리 싸우는데, 이게 단순한 스캔들 정도가 아니라 전쟁 스케일로 일이 커진단다. 결국 ‘그대의 곁에서’는 나름의 판타지 요소를 가미한 남자들의 불타는 연애사였다.

원작에 따르면 제국, 왕국 할 것 없이 대륙에 발붙이고 살아가는 모든 남자라면 한 번쯤은 주인공인 르웰린 에드윌 앞에 흔들리는 수준이었다. 이게 대체 말이 되나 싶었지만, 원작자의 말에 따르면 그랬다. 에르켈이 설명한 ‘BL의 법칙’에 따르면 얼굴이나 능력이 뛰어날수록 비중이 커지는 모양인데, 그중에서도 특별히 꼽을 수 있는 몇이 있었다.

“그래서. 황태자랑 공작이 이 몸을 두고 다투는 연적이 된다고? 이게 무슨 사랑과 전쟁인 줄 알아?” 
“어, 그….”

할 말이 없어 입술을 꾹 다물고 있어야 할 에르켈이 뭔가 망설이는 얼굴로 눈치를 봤다. 똑바로 말하라고 눈을 부라리자 그가 얼굴을 바닥으로 푹 숙였다. 더듬더듬 내뱉는 목소리가 심하게 떨리고 있었다.

“그… 세드릭이라고. 후작가를 뛰쳐나온 마탑주랑 루크도.”
 “루크?”
 “…그, 뭐냐. 제국… 어둠의… 주인.”

본인이 말하면서도 수치스러운지 푹 숙여 드러난 목과 귀가 온통 시뻘겠다. 그 꼴을 보고 있자니 눈앞이 아득해졌다. 하나도 열 받고 둘로도 벅찬데 넷이란다. 내가 빙의한 르웰린 에드윌은 남자끼리 얽히고설킨 오각관계에 말려든 불쌍한 인간이었다. 뒷골이 당겼다.",https://ridibooks.com/books/2336003876
누군가의 오팔,Kaba,BL연재소설,민트BL,전체 연령가,44,2018.10.04.,완결,//img.ridicdn.net/cover/2213003944/xxlarge,"밥을 먹자고 해도 시큰둥, 사주겠다고 해도 시큰둥, 외근을 가서도 시큰둥, 친해지자고 해도 시큰둥.
아주 그냥 다 시큰둥인 2살 위의 목소리 없는 회사 후배님이 같이 술을 마신 뒷날부터 악보를 들고 들이대기 시작했다.

‘선배님, 노래 해주실래요.’
무슨 개소리야, 이건.",https://ridibooks.com/books/2213003944
모티마(Motima: Star in the universe),Jack-GN,BL연재소설,B&M,전체 연령가,86,2018.10.22.,완결,//img.ridicdn.net/cover/2093022925/xxlarge,"카세트테이프가 고대 유물로 여겨지는 시대.
늘 푸르렀던 행성을 저버리고 새로운 개척지로 떠나왔다.
누구의 것도 아닌 드넓은 우주가 바로 그곳이었다.

[……어느 종족이지?]

뿌리내릴 모성을 찾아 영원히 우주를 유람하는 바닐족.
죽는 순간까지 머나먼 푸른 고향을 그리던 지구인이
바닐족의 마지막 전사, 모티마에게 오랜 꿈을 건넸을 때.

“……돌아가야 해. ……가……되더라도……지구에…….”
[약속은 지키겠다.]

운명처럼 긴 밤은 깨어지고 복수의 화신이 눈을 떴다.
누이의 배신으로 모든 것을 잃고 홀로 살아남은 그는
지구인 에스더의 가죽을 쓰고 우주 연합에 잠입하려 하는데.

“반우주 연합 함선, ‘칼리아’에 탄 걸 환영해.”

뜻하지 않게 ‘적의 적’인 반우주 연합에 납치되어 버렸다.
감성 풍부한 에스더의 모습으로 칼리아호 선원들과 어울리면서
오직 목적만을 담아야 할 머릿속은 점점 엉망이 되어 가는데…….

“나는 ‘에스더’일까. 아니면 ‘모티마’일까.”

별의 노래는 이제 막 시작되었다.",https://ridibooks.com/books/2093022925
친구로는 안 되겠니?,상관비설,BL연재소설,비숍 플러스,전체 연령가,31,2017.06.23.,완결,//img.ridicdn.net/cover/1962024723/xxlarge,"음, 이게 무슨 이야기냐고?
간단하게 말하자면 아진과 나, 그러니까 ‘두 남자’의 이야기다.

대학 시절, 나는 고등학교 동창인 아진과 아주 우연히 재회했다.
놈은 집안도 좋고 얼굴도 어마어마하게 잘생겨서 옛날부터 인기 있었다.
나야 뭐 평범한 집안에서 나고 자라, 적당히 공부하고 적당히 놀며 살았고.
어쨌든 다시 만난 순간부터 이 녀석, 나에게 묘하게 굴고 있다.
도대체가 잘해 주려는 건지 괴롭히려는 건지 모르겠다.

근데 이게 뭐야??? 오, 마이 쓋!!!!!!
내가 왜 이 자식의 바지에 손을 넣고 있지??!!??!?!!
하지만 이제 와서 후회한들 무슨 소용 있을까.
이미 녀석의 ‘그게’ 딱딱해져 있는 걸…….

이 이야기가 궁금한가?
그렇다면 나의 자서전……. 아, 뭐 자서전까진 아닌가.
어쨌든 이 자전적인 이야기를 펼쳐보라!",https://ridibooks.com/books/1962024723
"친구 새끼, 못난 새끼",jayyoon,BL연재소설,비숍,전체 연령가,38,2017.06.23.,완결,//img.ridicdn.net/cover/1962024685/xxlarge,"“내가 아직 너보다는 덜 멍청해서. 좀 더 공부하고 와야겠다.”

수한은 작게 웃으며 보윤의 머리를 쓰다듬고는 교실 밖으로 나갔다. 
보윤은 그의 머리에 올라왔던 무게를 느끼며 빠져나가는 수한을 쳐다보았다. 
자신을 보고 작게 웃던 수한의 웃음이 그의 머리에서 떠나지 않았다. 
평소와 다를 것은 없었는데 갑자기 무언가 훅 들어온 느낌이다.

‘미친. 나 여기서 설레면 안 되는 거 아니냐.’


내 소꿉친구에게서 낯선 감정이 느껴지기 시작했다.

7살, 공룡쿠키를 주고 받던 수한과 보윤.
19살, 고등학생 끝자락에서 서로의 감정을 주고 받기 시작한다.


달달하고 풋풋한 두 사람의 알콩달콩 로맨스!",https://ridibooks.com/books/1962024685
제주도의 푸른밤,플로니피,BL연재소설,현나라,전체 연령가,35,2018.04.26.,완결,//img.ridicdn.net/cover/1823004934/xxlarge,"본문 내용 *

그날, 사연을 들은 이후부터 나는 일에 집중하지 못했다. 그리고 뜬눈으로 밤을 지새웠다. 
웬만한 사람들은 한 번씩 꿈꿔온 일이 아닐까 싶다. 
그런 많은 이의 꿈을 그 남자는 해낸 것이다. 나는 남자의 용기에 감탄했다. 그리고 부러워했다. 할 수만 있다면, 나도 그렇게 하고 싶었다. 

그날 저녁 충동적으로 사직서를 작성하고 가방 속에 넣었다. 그 남자가 나와 비슷한 생각을 해서인가, 어쩐지 나도 일을 그만두고 어디론가 떠나도 될 것 같았다. 뭐든 잘 될 것 같은 좋은 기분이 들었다.

우습게도 라디오에 올라온 사연 하나에 나는 크게 흔들리고 있었다. 서른두 살이라고 하니 저와 나이가 크게 차이나지도 않았다. 저 사람도 했는데 나라고 못할쏘냐. 나 또한 회사를 나가더라도 잘 지낼 수 있을 거라 생각했다. 

어쩌면 더 나은 삶을 살게 될지도 모르고. 그렇게 생각하며 은연중에 부푼 마음을 가졌다. 아직 건네지도 않은, 그 누구도 존재여부를 모르는 사직서 한 장을 품어둔 채. 
다음 날 아침, 당연하게도 사직서는 계속 내 가방에 남았다. 나는 아직까지 사직서를 던질 배짱이 없었다.

-

무료한 일상에 지친 청년이 홀로 제주도에 여행을 가는 이야기.",https://ridibooks.com/books/1823004934
마피아와 마법사,강옆금빛소나무,BL연재소설,이색,전체 연령가,168,2017.05.29.,완결,//img.ridicdn.net/cover/102020853/xxlarge,"특이한 능력을 가졌다는 정체를 숨기고 미국 마이애미에서 살아가는 생계형 마술사 제하는 궁한 돈 때문에 일자리를 찾던 중 정체불명의 아르바이트 전단지를 보게 되는데... 
팔자에도 없는 범죄자들과 어울리게 돼버린 제하는 자기 앞가림도 못해 죽겠는데 웬 레드마피아 하나까지 꼬여서 하루하루가 피로 얼룩지게 된다...!
유쾌한 마이애미 로만 해결소 사무실 삼인방과 레드마피아 조직 일랜드 카지노, 보스턴 패밀리, LA의 대부, 뉴욕의 삼합회 간부, 멕시코의 마약 카르텔들... 그리고 그들을 쫓는 암사자같은 여걸 FBI. 미친놈들과 비정상인으로 둘러싸인 그들의 이야기가 지금 펼쳐진다!",https://ridibooks.com/books/102020853
